Data Source,World Development Indicators,,,,,,,,,,,,,,,,,,,,,,,,,,,,,,,,,,,,,,,,,,,,,,,,,,,,,,,,,,,,,,,
,,,,,,,,,,,,,,,,,,,,,,,,,,,,,,,,,,,,,,,,,,,,,,,,,,,,,,,,,,,,,,,,
Last Updated Date,13/10/2020,,,,,,,,,,,,,,,,,,,,,,,,,,,,,,,,,,,,,,,,,,,,,,,,,,,,,,,,,,,,,,,
,,,,,,,,,,,,,,,,,,,,,,,,,,,,,,,,,,,,,,,,,,,,,,,,,,,,,,,,,,,,,,,,
Country Name,Country Code,Indicator Name,Indicator Code,1960,1961,1962,1963,1964,1965,1966,1967,1968,1969,1970,1971,1972,1973,1974,1975,1976,1977,1978,1979,1980,1981,1982,1983,1984,1985,1986,1987,1988,1989,1990,1991,1992,1993,1994,1995,1996,1997,1998,1999,2000,2001,2002,2003,2004,2005,2006,2007,2008,2009,2010,2011,2012,2013,2014,2015,2016,2017,2018,2019,2020
Aruba,ABW,"GNI per capita, PPP (constant 2017 international $)",NY.GNP.PCAP.PP.KD,,,,,,,,,,,,,,,,,,,,,,,,,,,,,,,,,,,,,,,,,,,,,,,,,,,,,,,,,,36295.79114,,,
Afghanistan,AFG,"GNI per capita, PPP (constant 2017 international $)",NY.GNP.PCAP.PP.KD,,,,,,,,,,,,,,,,,,,,,,,,,,,,,,,,,,,,,,,,,,,,,,,,,,,,,,,,,,2229.657978,,,
Angola,AGO,"GNI per capita, PPP (constant 2017 international $)",NY.GNP.PCAP.PP.KD,,,,,,,,,,,,,,,,,,,,,,,,,,,,,,,,,,,,,,,,,3673.613213,3882.75045,4638.499044,4662.816143,4907.244855,5365.879965,5646.011585,6329.901082,6460.902996,6966.947457,6913.160589,6887.003763,7282.049679,7478.856252,7704.36784,7652.152491,7189.031576,6861.580571,6360.551085,,
Albania,ALB,"GNI per capita, PPP (constant 2017 international $)",NY.GNP.PCAP.PP.KD,,,,,,,,,,,,,,,,,,,,,,,,,,,,,,,,,,,,,,,,,,,,,,,,,,,,,,,,,,13071.09544,,,
Andorra,AND,"GNI per capita, PPP (constant 2017 international $)",NY.GNP.PCAP.PP.KD,,,,,,,,,,,,,,,,,,,,,,,,,,,,,,,,,,,,,,,,,,,,,,,,,,,,,,,,,,,,,
Arab World,ARB,"GNI per capita, PPP (constant 2017 international $)",NY.GNP.PCAP.PP.KD,,,,,,,,,,,,,,,,,,,,,,,,,,,,,,,,,,,,,,,,,11112.8981,11119.1173,10903.07337,11400.6108,11932.92686,12250.64529,12686.35386,13121.99563,13541.78624,13302.75839,13520.44535,14018.91529,14277.59328,14437.63536,14619.30979,14952.69061,15115.54,14975.62151,14990.36499,,
United Arab Emirates,ARE,"GNI per capita, PPP (constant 2017 international $)",NY.GNP.PCAP.PP.KD,,,,,,,,,,,,,,,,,,,,,,,,,,,,,,,,,,,,,,,,,,103519.1477,96736.7031,97761.51098,98236.24661,92443.49595,88502.47886,79459.36608,69814.62152,59017.23125,54911.28662,56152.97474,57447.3509,60007.2809,62499.79784,65528.56258,66881.30334,67667.52986,67195.14407,67462.0953,
Argentina,ARG,"GNI per capita, PPP (constant 2017 international $)",NY.GNP.PCAP.PP.KD,,,,,,,,,,,,,,,,,,,,,,,,,,,,,,,13596.80621,14803.0429,15939.69282,17131.57306,17873.68707,17090.66554,17781.69707,18983.38193,19425.82333,18534.58287,18179.27914,17152.1853,14726.89642,16056.17202,16057.50475,17269.94505,20124.4847,21866.98811,22550.99021,20877.37644,22727.02604,23946.79354,23516.32156,23851.86562,23047.62968,23466.32177,22696.69394,22962.35226,21917.85458,21190.17661,
Armenia,ARM,"GNI per capita, PPP (constant 2017 international $)",NY.GNP.PCAP.PP.KD,,,,,,,,,,,,,,,,,,,,,,,,,,,,,,,,,,,2742.7348,3110.948035,3336.185232,3599.998381,3780.68861,3925.645029,4180.318917,4604.458655,5267.561365,6035.160432,6758.189057,7752.690722,8888.536095,10271.55476,11137.35266,9434.915256,9752.829959,10078.35543,10830.65747,11353.04975,11519.5534,11774.02763,11570.23848,12543.19016,12895.06292,13894.01302,
American Samoa,ASM,"GNI per capita, PPP (constant 2017 international $)",NY.GNP.PCAP.PP.KD,,,,,,,,,,,,,,,,,,,,,,,,,,,,,,,,,,,,,,,,,,,,,,,,,,,,,,,,,,,,,
Antigua and Barbuda,ATG,"GNI per capita, PPP (constant 2017 international $)",NY.GNP.PCAP.PP.KD,,,,,,,,,,,,,,,,,,,,,,,,,,,,,,,,,,,,,,,,,,,,,,,,,,,,,,,,,,18922.6234,,,
Australia,AUS,"GNI per capita, PPP (constant 2017 international $)",NY.GNP.PCAP.PP.KD,,,,,,,,,,,,,,,,,,,,,,,,,,,,,,,30297.21402,29644.13494,29453.53156,30688.75785,31715.49657,32179.89487,32953.93607,33930.60946,35188.05122,36573.62619,37638.19197,37872.69811,38941.93699,39572.8814,40670.06414,41058.35064,41485.60106,42538.08407,43360.56536,43532.75632,43580.05307,43906.76623,45312.57329,45988.96142,46401.05531,47042.88301,47467.52217,47575.81805,48023.77286,48084.84207,
Austria,AUT,"GNI per capita, PPP (constant 2017 international $)",NY.GNP.PCAP.PP.KD,,,,,,,,,,,,,,,,,,,,,,,,,,,,,,,37993.68179,38721.39026,39021.28234,38932.67457,39634.11048,40485.03324,41521.1446,42165.63982,43562.67199,44572.54041,46309.16185,46478.79236,47396.03329,47770.712,48830.3943,49550.17051,51239.52348,52798.39681,53905.11549,51287.0645,52564.17479,53648.88966,53642.21878,53429.45714,53291.7659,52639.32563,53682.16497,54151.5527,55533.4797,,
Azerbaijan,AZE,"GNI per capita, PPP (constant 2017 international $)",NY.GNP.PCAP.PP.KD,,,,,,,,,,,,,,,,,,,,,,,,,,,,,,,,,,,,,,,,,,,,,,,,,,,,,,,,,,13513.39727,,,
Burundi,BDI,"GNI per capita, PPP (constant 2017 international $)",NY.GNP.PCAP.PP.KD,,,,,,,,,,,,,,,,,,,,,,,,,,,,,,,,,,,,,,828.9864418,862.6896206,838.8981385,840.8882291,815.3950408,826.9502783,787.9552285,794.6117887,786.2201935,809.5530299,812.5082197,825.7339464,823.7430887,841.7404031,846.0294333,860.4782817,878.1199137,884.1725686,824.8699469,794.5207697,772.4012901,763.4332404,753.9087475,
Belgium,BEL,"GNI per capita, PPP (constant 2017 international $)",NY.GNP.PCAP.PP.KD,,,,,,,,,,,,,,,,,,,,,,,,,,,,,,,35737.14561,36389.41021,36790.40771,36649.29933,37991.37982,38723.23833,39206.14587,40636.65115,41346.0904,42663.05405,44238.81379,44257.42603,44750.31366,45105.56834,46265.45006,47010.46197,47980.24466,49357.48024,49673.65957,48031.84158,48791.24366,48313.36594,49399.70566,49464.9521,49849.05536,50237.80865,50491.88233,51319.36572,51619.43126,,
Benin,BEN,"GNI per capita, PPP (constant 2017 international $)",NY.GNP.PCAP.PP.KD,,,,,,,,,,,,,,,,,,,,,,,,,,,,,,,2133.207151,2158.401602,2103.090232,2189.506249,2150.322813,2209.395551,2234.515965,2306.684775,2345.941069,2404.364101,2469.915521,2523.016904,2554.031096,2561.775262,2598.742396,2574.886639,2595.967659,2669.778812,2735.150387,2715.07974,2689.894133,2704.02985,2743.558752,2861.122307,2962.295638,2922.06811,2935.4529,3010.899621,3128.721263,3254.245627,
Burkina Faso,BFA,"GNI per capita, PPP (constant 2017 international $)",NY.GNP.PCAP.PP.KD,,,,,,,,,,,,,,,,,,,,,,,,,,,,,,,1020.794584,1083.410977,1056.429087,1061.456571,1045.299089,1078.28569,1171.690475,1207.642787,1259.940702,,,,,,,,,,,,,,,,,1852.320938,1859.230858,1976.751674,2069.451359,2132.95557,
Bangladesh,BGD,"GNI per capita, PPP (constant 2017 international $)",NY.GNP.PCAP.PP.KD,,,,,,,,,,,,,,,,,,,,,,,,,,,,,,,1554.410592,1571.950302,1624.952706,1669.134194,1704.702711,1752.201235,1784.552014,1828.575932,1883.765936,1935.795838,2002.466284,2060.795642,2119.638258,2182.320747,2267.949614,2383.030349,2538.233959,2702.965544,2862.598595,2979.605824,3116.662702,3273.890162,3462.171441,3614.294424,3742.448055,3936.275669,4143.068052,4339.892835,4643.413122,4976.209148,
Bulgaria,BGR,"GNI per capita, PPP (constant 2017 international $)",NY.GNP.PCAP.PP.KD,,,,,,,,,,,,,,,,,,,,,,,,,,,,,,,11189.30621,10197.43561,10321.72164,10244.70657,10449.26462,10717.06318,11237.51928,9737.745794,10331.27251,9570.82918,9977.315558,10818.81164,11916.56747,12580.28936,13438.53722,14390.57615,15088.11853,15423.50183,16908.41906,16679.01222,17073.04491,17389.7849,17885.62131,17887.47608,18576.68596,18997.29003,19857.71696,20852.60341,22405.61898,,
Bahrain,BHR,"GNI per capita, PPP (constant 2017 international $)",NY.GNP.PCAP.PP.KD,,,,,,,,,,,,,,,,,,,,,,,,,,,,,,,,,,,,,,,,,48262.12214,46704.42555,45267.2176,45702.11426,45927.47071,46335.53931,45910.30386,46256.72229,44585.6723,40316.56152,40352.60472,37769.03424,43387.0269,44951.26524,45631.19509,45633.55279,45484.33599,44966.49544,43670.59099,,
"Bahamas, The",BHS,"GNI per capita, PPP (constant 2017 international $)",NY.GNP.PCAP.PP.KD,,,,,,,,,,,,,,,,,,,,,,,,,,,,,,,36827.26353,34595.06866,33563.89371,32603.24474,33031.72388,39246.69399,43186.53392,35621.05609,36647.84285,39336.69551,40369.23718,40549.53549,41036.51456,39988.47579,39714.30591,40163.18517,40314.00722,40085.57484,39144.62815,36563.62065,36347.44809,36181.70685,37181.75377,35985.85578,34564.49675,34614.70805,34330.38422,34260.28089,33481.01557,,
Bosnia and Herzegovina,BIH,"GNI per capita, PPP (constant 2017 international $)",NY.GNP.PCAP.PP.KD,,,,,,,,,,,,,,,,,,,,,,,,,,,,,,,,,,,,,,,,,,,,,,,10292.57117,10906.0859,11591.30358,11314.36576,11252.40378,11398.392,11492.01952,12032.08102,12321.9508,12881.55154,13383.48639,13738.52468,14377.9008,14871.81114,
Belarus,BLR,"GNI per capita, PPP (constant 2017 international $)",NY.GNP.PCAP.PP.KD,,,,,,,,,,,,,,,,,,,,,,,,,,,,,,,8890.667795,8779.671769,7919.731329,7301.393461,6431.067838,5784.374599,5976.374861,6669.261506,7263.066714,7554.663753,8024.44356,8448.810687,8934.157325,9660.634099,10833.7804,11918.96752,13178.52197,14309.97993,15821.29941,15783.82216,16988.44145,17850.01602,18144.94395,18075.65225,18461.98225,17482.7014,17003.77083,17584.76622,18186.9606,18546.48713,
Belize,BLZ,"GNI per capita, PPP (constant 2017 international $)",NY.GNP.PCAP.PP.KD,,,,,,,,,,,,,,,,,,,,,,,,,,,,,,,4673.528355,5109.437758,5589.939632,5817.125883,5637.754902,5569.689425,5448.130209,5477.915192,5404.23693,5619.05385,6080.362407,6083.841585,6221.745139,6524.321985,6532.81307,6538.808846,6679.600091,6382.412495,6480.808067,6698.217576,6523.969554,6707.722669,6627.288408,6578.855616,6602.280049,6845.941519,6670.845187,6507.262115,6453.484914,6381.597682,
Bermuda,BMU,"GNI per capita, PPP (constant 2017 international $)",NY.GNP.PCAP.PP.KD,,,,,,,,,,,,,,,,,,,,,,,,,,,,,,,,,,,,,,,,,,,,,,,,,,,,,,,,,,,,,
Bolivia,BOL,"GNI per capita, PPP (constant 2017 international $)",NY.GNP.PCAP.PP.KD,,,,,,,,,,,,,,,,,,,,,,,,,,,,,,,4352.070294,4514.829644,4546.350289,4640.816663,4782.446858,4901.67032,5023.822458,5183.969016,5367.623764,5262.326865,5275.528448,5267.717806,5296.914471,5276.03522,5355.290857,5518.288569,5702.818476,5847.358896,6132.990902,6198.720798,6301.077828,6481.285744,6608.364982,6937.11852,7313.500457,7718.28559,8056.543851,8185.542116,8444.768259,8553.783786,
Brazil,BRA,"GNI per capita, PPP (constant 2017 international $)",NY.GNP.PCAP.PP.KD,,,,,,,,,,,,,,,,,,,,,,,,,,,,,,,10250.81052,10257.93674,10071.08534,10312.37129,10541.4851,11084.11915,11016.23768,11157.10574,10886.34847,10694.26281,11275.71461,11236.54931,11411.51747,11420.16407,11958.96034,12208.19241,12601.68405,13280.27604,13773.54703,13648.87931,14409.40093,14920.99512,15083.43756,15579.00883,15449.70229,14775.20985,14138.94457,14248.31062,14181.80553,14262.93459,
Barbados,BRB,"GNI per capita, PPP (constant 2017 international $)",NY.GNP.PCAP.PP.KD,,,,,,,,,,,,,,,,,,,,,,,,,,,,,,,,,,,,,,,,,,,,,,,,,,,,,,,,,,15079.15839,,,
Brunei Darussalam,BRN,"GNI per capita, PPP (constant 2017 international $)",NY.GNP.PCAP.PP.KD,,,,,,,,,,,,,,,,,,,,,,,,,,,,,,,71468.76977,71643.33037,72947.49628,71146.3979,71413.57403,72688.38147,72937.47152,70174.47309,68211.28512,68770.58721,69253.62109,69716.59281,71006.94872,71722.33727,70852.67325,70020.52659,72083.28256,71648.38336,69405.26596,67383.3472,67479.349,67386.53501,67319.13744,66078.66131,64339.5391,66410.36897,65043.23921,64618.85597,60975.29238,63965.09279,
Bhutan,BTN,"GNI per capita, PPP (constant 2017 international $)",NY.GNP.PCAP.PP.KD,,,,,,,,,,,,,,,,,,,,,,,,,,,,,,,,,,,,,,,,,4053.109722,4302.505129,4609.019806,4838.88069,5038.637965,5371.814157,5733.698585,6647.051772,6795.982462,7085.002983,7717.701037,8178.555113,8355.076214,8517.57529,8895.784934,9371.564557,9850.629251,10174.64137,10327.37858,,
Botswana,BWA,"GNI per capita, PPP (constant 2017 international $)",NY.GNP.PCAP.PP.KD,,,,,,,,,,,,,,,,,,,,,,,,,,,,,,,8866.078019,9636.913176,9736.998725,10047.08322,9107.807717,9915.897457,9789.356153,10610.41369,10959.81078,10962.12934,10780.98332,11024.05183,10359.41402,11063.47159,11006.12009,11497.95573,12294.59858,13179.63736,13759.16076,13002.08177,13489.45932,14496.08199,15084.40893,16120.28992,16818.00947,16237.13659,15623.18245,15981.34464,16310.64724,16437.14142,
Central African Republic,CAF,"GNI per capita, PPP (constant 2017 international $)",NY.GNP.PCAP.PP.KD,,,,,,,,,,,,,,,,,,,,,,,,,,,,,,,,,,,,,,,,,,,,,,,,,,1168.897099,1218.179506,1259.222018,1317.844003,839.1226867,837.6302115,869.8261119,903.0770369,959.3090454,,,
Canada,CAN,"GNI per capita, PPP (constant 2017 international $)",NY.GNP.PCAP.PP.KD,,,,,,,,,,,,,,,,,,,,,,,,,,,,,,,30821.63395,29902.90547,29733.29056,30256.89941,31212.31602,31758.80882,31973.48891,33095.98483,33649.73536,34680.46402,36323.07296,36358.16257,37330.2921,38436.66876,39696.00199,41342.23512,42852.37658,45437.73144,45392.67001,43471.71852,44189.58919,45168.57895,45526.63415,46216.95113,47026.0157,47042.27987,47128.36265,48068.85603,48291.6989,48527.03573,
Central Europe and the Baltics,CEB,"GNI per capita, PPP (constant 2017 international $)",NY.GNP.PCAP.PP.KD,,,,,,,,,,,,,,,,,,,,,,,,,,,,,,,,,,,,13641.64777,14318.87976,14571.49758,15012.27134,15266.48582,15961.34926,16576.29662,17299.82001,17823.84963,18783.48706,19923.74627,21166.33596,22406.12375,23641.58751,22993.52477,23272.0782,24026.10591,24397.48318,24884.97698,25662.82679,26610.29933,27474.74077,28900.67536,30303.64336,,
Switzerland,CHE,"GNI per capita, PPP (constant 2017 international $)",NY.GNP.PCAP.PP.KD,,,,,,,,,,,,,,,,,,,,,,,,,,,,,,,,,,,,,,,,,,,,,,,,,,,,,,,,,,67888.13145,,,
Channel Islands,CHI,"GNI per capita, PPP (constant 2017 international $)",NY.GNP.PCAP.PP.KD,,,,,,,,,,,,,,,,,,,,,,,,,,,,,,,,,,,,,,,,,,,,,,,,,,,,,,,,,,,,,
Chile,CHL,"GNI per capita, PPP (constant 2017 international $)",NY.GNP.PCAP.PP.KD,,,,,,,,,,,,,,,,,,,,,,,,,,,,,,,9130.476254,9691.75017,10688.78271,11279.01588,11546.4322,12443.88039,13169.84577,13976.38026,14499.86682,14185.26375,14679.1014,15022.75303,15250.22723,15389.20623,15939.80865,16552.04178,16584.69154,17399.45651,18659.46229,18341.96724,19073.94531,20264.47774,21468.02559,22055.54037,22501.43424,22949.3579,23002.55366,22685.23084,23221.90987,23261.29726,
China,CHN,"GNI per capita, PPP (constant 2017 international $)",NY.GNP.PCAP.PP.KD,,,,,,,,,,,,,,,,,,,,,,,,,,,,,,,,,,,,2361.465668,2571.420434,2786.830415,2964.515969,3171.545233,3416.542265,3666.60835,3988.504433,4376.664315,4805.56867,5299.329118,5968.970954,6810.051271,7457.947831,8056.253661,8846.643518,9596.629649,10373.46646,11060.09114,11932.42004,12644.00053,13433.72147,14333.13328,15187.15416,,
Cote d'Ivoire,CIV,"GNI per capita, PPP (constant 2017 international $)",NY.GNP.PCAP.PP.KD,,,,,,,,,,,,,,,,,,,,,,,,,,,,,,,,,,,,,,,,,,,,,,,,,3512.258273,3539.715278,3526.937096,3291.924844,3575.989948,3756.865658,4056.736416,4322.118323,4512.525487,4686.901624,4866.045566,,
Cameroon,CMR,"GNI per capita, PPP (constant 2017 international $)",NY.GNP.PCAP.PP.KD,,,,,,,,,,,,,,,,,,,,,,,,,,,,,,,3100.529108,2834.511327,2700.526797,2419.859731,2388.526856,2400.361024,2437.110146,2494.302166,2571.285607,2618.466546,2588.995889,2609.833624,2673.955543,2788.795913,2935.083289,2901.691003,2963.724056,2996.251319,3037.121761,3054.69471,3055.786373,3094.846398,3132.009597,3199.621453,3335.046987,3410.458708,3464.642036,3487.380661,3526.413114,3580.902737,
"Congo, Dem. Rep.",COD,"GNI per capita, PPP (constant 2017 international $)",NY.GNP.PCAP.PP.KD,,,,,,,,,,,,,,,,,,,,,,,,,,,,,,,,,,,954.1439667,910.5368412,948.6688405,868.9222713,840.070878,758.1421989,739.6980351,682.7498043,694.6300891,716.5878587,737.5943623,748.5057614,771.1910713,787.4314514,787.4350665,803.1129742,829.8803813,847.5124324,870.2608079,875.3419831,931.7592178,979.8996728,1038.994531,1029.883321,1056.309129,1062.543004,
"Congo, Rep.",COG,"GNI per capita, PPP (constant 2017 international $)",NY.GNP.PCAP.PP.KD,,,,,,,,,,,,,,,,,,,,,,,,,,,,,,,3018.788388,3061.648741,3186.302483,2867.585133,2781.367086,2021.088575,2032.810077,2265.207415,2615.844817,2037.747733,1800.658713,2019.851577,2047.813216,1990.441975,1825.262981,1502.93298,1351.111974,1581.667314,1825.869849,2055.110248,2046.389976,2008.690828,2395.77967,2580.407987,3001.613504,3855.211316,3417.472592,3126.303864,2963.871018,2879.190985,
Colombia,COL,"GNI per capita, PPP (constant 2017 international $)",NY.GNP.PCAP.PP.KD,,,,,,,,,,,,,,,,,,,,,,,,,,,,,,,8012.766922,8058.379183,8256.745261,8611.947358,9030.668476,9336.617075,9323.049802,9471.031482,9411.866808,8881.434216,8946.61695,8931.307027,8997.392911,9147.742283,9491.399613,9909.708604,10426.80104,10945.58827,11113.86334,11160.285,11461.2735,12050.23428,12468.71952,13031.84334,13563.81373,14038.46416,14186.34962,14054.87703,14084.98392,14256.67085,
Comoros,COM,"GNI per capita, PPP (constant 2017 international $)",NY.GNP.PCAP.PP.KD,,,,,,,,,,,,,,,,,,,,,,,,,,,,,,,3055.164606,2807.821892,2988.031635,2976.905056,2733.417988,2757.075455,2643.48658,2676.246866,2635.636628,2621.937762,2835.23158,2833.315287,2819.70617,2809.289375,2793.386556,2807.428429,2815.059744,2781.487459,2813.144458,2835.597392,2874.552581,2921.406682,2940.217624,3004.934075,2999.136448,2970.814291,3003.52323,3048.998687,3084.814683,,
Cabo Verde,CPV,"GNI per capita, PPP (constant 2017 international $)",NY.GNP.PCAP.PP.KD,,,,,,,,,,,,,,,,,,,,,,,,,,,,,,,,,,,,,,,,,,,,,,,,5895.296835,6177.355526,6028.90141,5928.354415,6119.931724,6087.472049,6106.105934,5971.041832,6035.186534,6251.470368,6414.023007,6703.076992,7019.168144,
Costa Rica,CRI,"GNI per capita, PPP (constant 2017 international $)",NY.GNP.PCAP.PP.KD,,,,,,,,,,,,,,,,,,,,,,,,,,,,,,,9114.953166,9278.060951,9895.511349,10344.23641,10681.47786,10801.56336,10725.24068,11048.47192,11424.29022,11415.36283,11507.14929,11696.77558,11893.27981,12217.12452,12624.03251,12998.10544,13870.22287,14854.33329,15446.66022,14886.83471,15425.54912,15876.36756,16480.63151,16566.52443,16862.69447,17238.08215,17783.46449,18160.74552,18371.44026,18486.37141,
Caribbean small states,CSS,"GNI per capita, PPP (constant 2017 international $)",NY.GNP.PCAP.PP.KD,,,,,,,,,,,,,,,,,,,,,,,,,,,,,,,,,,,,,,,,,,,,,,,,,,,,,,,,,,,,,
Cuba,CUB,"GNI per capita, PPP (constant 2017 international $)",NY.GNP.PCAP.PP.KD,,,,,,,,,,,,,,,,,,,,,,,,,,,,,,,,,,,,,,,,,,,,,,,,,,,,,,,,,,,,,
Curacao,CUW,"GNI per capita, PPP (constant 2017 international $)",NY.GNP.PCAP.PP.KD,,,,,,,,,,,,,,,,,,,,,,,,,,,,,,,,,,,,,,,,,,,,,,,,,,,,,,,,,,25693.77016,,,
Cayman Islands,CYM,"GNI per capita, PPP (constant 2017 international $)",NY.GNP.PCAP.PP.KD,,,,,,,,,,,,,,,,,,,,,,,,,,,,,,,,,,,,,,,,,,,,,,,,,,,,,,,,,,41638.54944,,,
Cyprus,CYP,"GNI per capita, PPP (constant 2017 international $)",NY.GNP.PCAP.PP.KD,,,,,,,,,,,,,,,,,,,,,,,,,,,,,,,25033.1231,24590.23702,26162.35932,25748.067,26677.45734,27159.89672,27124.29648,27265.23912,31122.87176,29569.58686,30069.64181,31381.64488,32901.08004,33708.48653,34344.57883,35692.11536,36635.17311,37334.95782,39674.06774,38367.76936,37691.17294,38404.33163,35341.53759,32940.60481,32193.82845,34159.58958,35071.9668,36615.73622,37458.87619,38206.84049,
Czech Republic,CZE,"GNI per capita, PPP (constant 2017 international $)",NY.GNP.PCAP.PP.KD,,,,,,,,,,,,,,,,,,,,,,,,,,,,,,,,,21047.72875,20996.43157,21602.57955,,,,,,,,,,27277.33724,29067.0187,30497.89181,31895.98135,32467.94558,30523.69356,31046.00641,31495.66129,31661.68047,31555.56588,32087.68223,33719.8856,34561.83883,36123.62706,37294.23803,,
Germany,DEU,"GNI per capita, PPP (constant 2017 international $)",NY.GNP.PCAP.PP.KD,,,,,,,,,,,,,,,,,,,,,,,,,,,,,,,37232.37758,38644.08852,39032.13044,38331.22971,38855.11075,39245.62566,39513.55089,40076.94981,40722.46502,41415.46281,42615.59815,43205.66338,42890.5641,42578.13277,43803.07848,44239.95378,46369.4561,47706.27698,48016.06055,45988.6371,47860.4392,50930.978,50968.7414,51009.99546,51776.1446,52371.44552,53213.02926,54368.28549,55154.64956,,
Djibouti,DJI,"GNI per capita, PPP (constant 2017 international $)",NY.GNP.PCAP.PP.KD,,,,,,,,,,,,,,,,,,,,,,,,,,,,,,,,,,,,,,,,,,,,,,,,,,,,,,4092.158946,4398.328935,4700.184728,4949.901516,5103.07204,5341.20354,5689.348966,
Dominica,DMA,"GNI per capita, PPP (constant 2017 international $)",NY.GNP.PCAP.PP.KD,,,,,,,,,,,,,,,,,,,,,,,,,,,,,,,,,,,,,,,,,,,,,,,,,,,,,,,,,,11051.77546,,,
Denmark,DNK,"GNI per capita, PPP (constant 2017 international $)",NY.GNP.PCAP.PP.KD,,,,,,,,,,,,,,,,,,,,,,,,,,,,,,,38021.60471,38391.68618,39101.02871,39166.31858,41167.5778,42379.04369,43293.13225,44585.46412,45582.19387,46939.00415,47957.55319,48558.62743,48737.0811,48959.38342,50631.55763,52016.15814,54082.96511,53962.61949,53693.0458,50728.2026,51778.12491,52486.32319,52486.62607,53226.53227,54071.18438,54651.36824,55649.14309,56234.84076,57552.55598,,
Dominican Republic,DOM,"GNI per capita, PPP (constant 2017 international $)",NY.GNP.PCAP.PP.KD,,,,,,,,,,,,,,,,,,,,,,,,,,,,,,,5940.159213,5857.044489,6452.961406,6691.855469,6789.488617,7049.159584,7396.25187,7919.950547,8307.299335,8646.809652,8925.512221,9011.504697,9286.285221,8811.204546,8751.618795,9752.020943,10549.26514,11176.47613,11558.35705,11519.78653,12329.71732,12531.44781,12708.98176,13068.97734,13815.7156,14696.54401,15464.17794,15941.68189,16926.86048,17591.06522,
Algeria,DZA,"GNI per capita, PPP (constant 2017 international $)",NY.GNP.PCAP.PP.KD,,,,,,,,,,,,,,,,,,,,,,,,,,,,,,,8327.781519,7844.184144,7913.159569,7669.553544,7398.856857,7446.277943,7584.648613,7609.711785,7946.20251,8025.458289,8110.327724,8468.988898,8733.778498,9252.811496,9450.645385,9692.091975,9815.573845,10385.11943,10574.46702,10539.19693,10823.63771,10793.06839,10797.52564,10828.36624,11006.23703,11150.73125,11553.64102,11371.70157,,,
East Asia & Pacific (excluding high income),EAP,"GNI per capita, PPP (constant 2017 international $)",NY.GNP.PCAP.PP.KD,,,,,,,,,,,,,,,,,,,,,,,,,,,,,,,,,,,,2812.971201,3029.590227,3213.533301,3317.701942,3512.686628,3753.675857,3970.50882,4266.373429,4626.788969,5026.547121,5450.341311,6037.900131,6766.463404,7304.426029,7747.609837,8458.523814,9059.91072,9693.607293,10252.30304,10935.16501,11522.4562,12173.397,12896.62662,13601.57132,,
Early-demographic dividend,EAR,"GNI per capita, PPP (constant 2017 international $)",NY.GNP.PCAP.PP.KD,,,,,,,,,,,,,,,,,,,,,,,,,,,,,,,4423.3707,4482.367109,4586.511177,4670.29603,4732.175784,4772.404312,4959.022856,5114.962989,5247.741199,5313.119587,5425.439883,5399.878723,5423.208729,5647.382377,5894.370306,6143.595414,6457.038886,6744.994801,6862.259089,6845.519036,7173.181243,7469.078659,7648.135945,7893.266237,8164.302618,8472.815833,8777.070704,9099.750007,9370.402736,9548.052432,
East Asia & Pacific,EAS,"GNI per capita, PPP (constant 2017 international $)",NY.GNP.PCAP.PP.KD,,,,,,,,,,,,,,,,,,,,,,,,,,,,,,,,,,,,6127.655148,6423.83945,6644.305324,6653.10335,6880.7684,7225.354689,7422.461646,7728.767991,8106.991406,8574.578865,9023.058162,9642.853617,10396.24917,10832.77939,11042.21925,11870.67314,12460.70877,13095.51733,13692.3173,14366.12797,14941.37973,15561.54639,16309.07053,16984.63517,,
Europe & Central Asia (excluding high income),ECA,"GNI per capita, PPP (constant 2017 international $)",NY.GNP.PCAP.PP.KD,,,,,,,,,,,,,,,,,,,,,,,,,,,,,,,15466.82634,14725.77605,12995.28864,12062.80433,10603.47737,10287.72994,10110.81104,10290.59555,9962.049359,10172.65097,11064.96606,11482.72542,12101.00999,12867.0157,14004.53768,14891.20503,15947.2321,17152.67209,17671.7512,16378.91771,17137.68272,18005.04256,18577.47969,19090.98285,19305.52258,19313.37614,19416.05774,20004.78537,20450.1887,20611.0455,
Europe & Central Asia,ECS,"GNI per capita, PPP (constant 2017 international $)",NY.GNP.PCAP.PP.KD,,,,,,,,,,,,,,,,,,,,,,,,,,,,,,,23581.61687,23508.31568,22870.431,22388.77551,22147.9928,22441.97502,22737.6046,23326.57987,23725.01017,24387.20962,25515.21773,26120.55106,26588.49007,27138.38132,28168.98839,28983.97137,30148.44074,31217.6937,31433.56553,29898.52889,30640.24497,31418.51501,31479.97295,31657.56449,32042.96778,32440.16305,32915.6204,33823.06377,34484.72125,,
Ecuador,ECU,"GNI per capita, PPP (constant 2017 international $)",NY.GNP.PCAP.PP.KD,,,,,,,,,,,,,,,,,,,,,,,,,,,,,,,7642.562663,7900.165261,7992.616879,8054.387657,8244.363399,8277.37552,8216.912229,8426.618739,8489.525953,7743.15543,7662.705098,7967.021783,8191.204251,8250.349702,8747.665519,9107.973754,9385.685112,9427.378931,10014.62831,9945.380955,10186.8113,10807.50528,11263.40856,11647.39413,11892.24516,11692.88546,11345.74324,11359.68158,11256.0749,11043.98255,
"Egypt, Arab Rep.",EGY,"GNI per capita, PPP (constant 2017 international $)",NY.GNP.PCAP.PP.KD,,,,,,,,,,,,,,,,,,,,,,,,,,,,,,,5930.1819,6057.707168,6186.817993,6234.452217,6348.930058,6520.382986,6716.141076,6943.988311,7210.001886,7464.909404,7781.349908,7916.143107,7966.757525,8052.965715,8236.242991,8372.651794,8859.145272,9360.091854,9845.397054,10039.03618,10135.89822,10157.17419,10044.77763,10050.7576,10099.32094,10382.83376,10645.58785,10799.58243,11079.25289,,
Euro area,EMU,"GNI per capita, PPP (constant 2017 international $)",NY.GNP.PCAP.PP.KD,,,,,,,,,,,,,,,,,,,,,,,,,,,,,,,32933.7818,33610.22616,33888.00496,33542.1814,34109.52027,34899.48239,35466.7706,36350.16155,37285.38157,38345.77684,39669.70508,40301.89383,40380.34626,40500.73268,41409.26967,41900.02098,43206.65701,44150.22978,43937.90986,42080.02722,42877.20454,43720.24027,43280.10965,43034.85319,43422.67746,44054.26757,44880.60702,45990.84895,46823.11756,,
Eritrea,ERI,"GNI per capita, PPP (constant 2017 international $)",NY.GNP.PCAP.PP.KD,,,,,,,,,,,,,,,,,,,,,,,,,,,,,,,,,,,,,,,,,,,,,,,,,,,,,,,,,,,,,
Spain,ESP,"GNI per capita, PPP (constant 2017 international $)",NY.GNP.PCAP.PP.KD,,,,,,,,,,,,,,,,,,,,,,,,,,,,,,,27327.4456,27938.14053,28001.92622,27721.2255,27770.44122,28931.74488,29484.47251,30457.47296,31639.19184,32940.05304,34582.84637,35456.5169,36000.3072,36522.12284,36976.93567,37514.55194,38216.92965,38626.50918,38229.01318,36776.03545,36843.82532,36305.44857,35554.14933,35204.55989,35907.75638,37442.4936,38648.91459,39566.37255,40418.89997,,
Estonia,EST,"GNI per capita, PPP (constant 2017 international $)",NY.GNP.PCAP.PP.KD,,,,,,,,,,,,,,,,,,,,,,,,,,,,,,,,,,,,,,,,,17241.93116,18249.438,19620.11987,21069.22377,22704.02339,25226.44967,27488.73904,29185.25932,28190.6905,24687.50811,24830.13436,26825.45512,28030.1999,28995.76207,29802.86694,30528.79468,31298.9215,33018.31434,34643.3437,,
Ethiopia,ETH,"GNI per capita, PPP (constant 2017 international $)",NY.GNP.PCAP.PP.KD,,,,,,,,,,,,,,,,,,,,,,,,,,,,,,,,,,,,,,,,,,,,,,,,,,,,1358.033264,1434.24562,1541.762611,1652.126296,1771.947871,1888.607523,2009.555895,2093.517465,2206.534378,
European Union,EUU,"GNI per capita, PPP (constant 2017 international $)",NY.GNP.PCAP.PP.KD,,,,,,,,,,,,,,,,,,,,,,,,,,,,,,,28610.62456,29050.61002,29238.93389,28968.01097,29536.56376,30271.90975,30868.30606,31629.3407,32483.38571,33430.81317,34667.84193,35325.16251,35574.13913,35821.37678,36755.07994,37420.63241,38754.51387,39761.68106,39887.56455,38296.37187,39048.19518,39868.79532,39600.3857,39537.63797,40032.92494,40765.96365,41608.30206,42797.15991,43755.00664,,
Fragile and conflict affected situations,FCS,"GNI per capita, PPP (constant 2017 international $)",NY.GNP.PCAP.PP.KD,,,,,,,,,,,,,,,,,,,,,,,,,,,,,,,,,,,,,,,,,,,,,,,,,,,,,,,,,,,,,
Finland,FIN,"GNI per capita, PPP (constant 2017 international $)",NY.GNP.PCAP.PP.KD,,,,,,,,,,,,,,,,,,,,,,,,,,,,,,,32063.15321,29766.8916,28320.88259,27827.91225,29136.88536,30507.16157,31766.38483,33956.55642,35540.01072,37390.83457,39633.13791,40827.15421,41571.22848,41911.80422,44041.84494,44977.37322,46837.00986,48807.23907,48899.66642,45214.78106,46462.72259,47002.27741,46162.99321,45511.81472,45422.07702,45516.09751,46395.62998,47490.9098,48360.1984,48511.3978,
Fiji,FJI,"GNI per capita, PPP (constant 2017 international $)",NY.GNP.PCAP.PP.KD,,,,,,,,,,,,,,,,,,,,,,,,,,,,,,,,,,,,,,,,,,,,,,,,,,,,,,,,,,12610.8098,,,
France,FRA,"GNI per capita, PPP (constant 2017 international $)",NY.GNP.PCAP.PP.KD,,,,,,,,,,,,,,,,,,,,,,,,,,,,,,,33980.91362,34117.82622,34535.74484,34202.22823,34823.79396,35432.30017,35989.43936,36832.21743,38047.71819,39414.76292,40512.03035,41105.8257,40966.33808,41127.08804,42002.9903,42514.65511,43371.38885,44145.80058,44091.85809,42661.96596,43281.77494,44155.57505,43879.67098,43931.96298,44115.22217,44453.75024,44805.85283,45850.93016,46536.68625,,
Faroe Islands,FRO,"GNI per capita, PPP (constant 2017 international $)",NY.GNP.PCAP.PP.KD,,,,,,,,,,,,,,,,,,,,,,,,,,,,,,,,,,,,,,,,,,,,,,,,,,,,,,,,,,,,,
"Micronesia, Fed. Sts.",FSM,"GNI per capita, PPP (constant 2017 international $)",NY.GNP.PCAP.PP.KD,,,,,,,,,,,,,,,,,,,,,,,,,,,,,,,,,,,,,,,,,,,,,,,,,,,,,,,,,,3973.836435,,,
Gabon,GAB,"GNI per capita, PPP (constant 2017 international $)",NY.GNP.PCAP.PP.KD,,,,,,,,,,,,,,,,,,,,,,,,,,,,,,,16794.43027,17388.11675,16031.68515,16052.27582,16578.40559,16744.44261,16869.03042,17266.69088,18100.48384,15750.97532,13981.6412,14760.96945,14908.60992,14627.8169,13484.84162,14164.20911,12681.86609,12759.03041,11743.57539,12313.00511,12104.85874,11978.05298,13010.54579,13456.89642,14658.8832,14164.78194,14167.53637,14058.12015,,,
United Kingdom,GBR,"GNI per capita, PPP (constant 2017 international $)",NY.GNP.PCAP.PP.KD,,,,,,,,,,,,,,,,,,,,,,,,,,,,,,,30456.13569,30046.26952,30163.28413,30811.18154,32018.69696,32670.77919,33417.92554,34662.46656,36004.47573,36877.46137,38271.25797,39390.51194,40361.70645,41489.89925,42137.95681,43311.20054,43652.02255,44116.39624,43454.20795,41366.76949,42182.82974,42635.26872,42361.91113,42547.33252,43329.55098,43885.16979,44334.73206,45426.73901,45686.38808,,
Georgia,GEO,"GNI per capita, PPP (constant 2017 international $)",NY.GNP.PCAP.PP.KD,,,,,,,,,,,,,,,,,,,,,,,,,,,,,,,,,,,,,,,,,,,,,,,,,,,9581.968501,10268.18513,11196.54605,11544.50089,12111.95553,12334.64317,12382.38636,12923.98153,13701.12088,,
Ghana,GHA,"GNI per capita, PPP (constant 2017 international $)",NY.GNP.PCAP.PP.KD,,,,,,,,,,,,,,,,,,,,,,,,,,,,,,,,,,,,,,,,,,,,,,,3189.641718,3244.769606,3457.356591,3536.395451,3676.085753,4031.227675,4208.460188,4553.94173,4526.32518,4614.125439,4638.149173,4863.97503,,,
Gibraltar,GIB,"GNI per capita, PPP (constant 2017 international $)",NY.GNP.PCAP.PP.KD,,,,,,,,,,,,,,,,,,,,,,,,,,,,,,,,,,,,,,,,,,,,,,,,,,,,,,,,,,,,,
Guinea,GIN,"GNI per capita, PPP (constant 2017 international $)",NY.GNP.PCAP.PP.KD,,,,,,,,,,,,,,,,,,,,,,,,,,,,,,,,,,,,,,,,,,,,,,,1762.617234,1841.207387,1868.400099,1786.348597,1852.126936,1897.082982,1971.727885,1935.365032,1995.453098,2055.514,2228.153206,2408.657972,2346.625466,2405.181497,
"Gambia, The",GMB,"GNI per capita, PPP (constant 2017 international $)",NY.GNP.PCAP.PP.KD,,,,,,,,,,,,,,,,,,,,,,,,,,,,,,,,,,,,,,,,,,,,,2297.781594,2174.033183,2091.305085,2097.379661,2172.654891,2243.385399,2306.614361,2045.523405,2091.738232,2085.508905,1990.942346,2009.30775,1998.651964,2033.677156,2105.907084,2167.883472,
Guinea-Bissau,GNB,"GNI per capita, PPP (constant 2017 international $)",NY.GNP.PCAP.PP.KD,,,,,,,,,,,,,,,,,,,,,,,,,,,,,,,,,,,,,,,,,1667.736976,1652.03585,1631.683503,1601.836581,1614.032578,1644.34755,1659.458998,1679.538274,1672.09885,1692.40338,1738.976013,1850.409806,1769.704546,1736.285857,1803.18556,1847.656315,1916.354495,1929.166846,1945.232154,1996.042927,
Equatorial Guinea,GNQ,"GNI per capita, PPP (constant 2017 international $)",NY.GNP.PCAP.PP.KD,,,,,,,,,,,,,,,,,,,,,,,,,,,,,,,,,,,,,,,,,,,,,,19244.77052,24395.07554,27401.79788,26794.73947,26908.10447,19742.2217,20366.36565,21808.4842,21134.31058,20703.94932,21324.31933,19423.15186,16604.35931,14896.7658,13944.13223,
Greece,GRC,"GNI per capita, PPP (constant 2017 international $)",NY.GNP.PCAP.PP.KD,,,,,,,,,,,,,,,,,,,,,,,,,,,,,,,24920.5202,25479.46522,25527.3086,24910.72715,25301.10241,25712.57523,26247.36195,27308.09445,28182.57814,28606.36162,29472.4811,30614.37462,31600.98518,33123.85943,34682.23438,34541.6606,36145.28971,36963.53131,36595.47162,35193.86735,33281.80171,30083.67452,28994.42408,28044.26493,28664.01822,28576.25245,28602.2272,29145.55795,29555.16943,,
Grenada,GRD,"GNI per capita, PPP (constant 2017 international $)",NY.GNP.PCAP.PP.KD,,,,,,,,,,,,,,,,,,,,,,,,,,,,,,,,,,,,,,,,,,,,,,,,,,,,,,,,,,14711.92134,,,
Greenland,GRL,"GNI per capita, PPP (constant 2017 international $)",NY.GNP.PCAP.PP.KD,,,,,,,,,,,,,,,,,,,,,,,,,,,,,,,,,,,,,,,,,,,,,,,,,,,,,,,,,,,,,
Guatemala,GTM,"GNI per capita, PPP (constant 2017 international $)",NY.GNP.PCAP.PP.KD,,,,,,,,,,,,,,,,,,,,,,,,,,,,,,,5417.322379,5549.67412,5653.600455,5745.495971,5832.078077,5966.510762,5973.64226,6095.809834,6276.560233,6354.143031,6428.195218,6466.037398,6490.483986,6517.64136,6564.952524,6635.840624,6820.476238,7092.927776,7210.983479,7080.51871,7142.767614,7267.49099,7423.037729,7557.405016,7734.524487,7932.284309,8028.565058,8143.018991,8274.189825,8494.085111,
Guam,GUM,"GNI per capita, PPP (constant 2017 international $)",NY.GNP.PCAP.PP.KD,,,,,,,,,,,,,,,,,,,,,,,,,,,,,,,,,,,,,,,,,,,,,,,,,,,,,,,,,,,,,
Guyana,GUY,"GNI per capita, PPP (constant 2017 international $)",NY.GNP.PCAP.PP.KD,,,,,,,,,,,,,,,,,,,,,,,,,,,,,,,,,,,,,,,,,,,,,,,,,,,7035.512222,7390.496386,7770.38207,8044.297195,8466.090513,8670.595388,8731.977952,8779.918496,9074.544157,,
High income,HIC,"GNI per capita, PPP (constant 2017 international $)",NY.GNP.PCAP.PP.KD,,,,,,,,,,,,,,,,,,,,,,,,,,,,,,,31797.58298,31984.10395,32476.78304,32671.47778,33468.97034,34192.22236,35036.25456,36018.96136,36758.40398,37850.76533,39188.92556,39551.29949,39894.17025,40602.93483,41819.93045,42795.59732,43903.4818,44888.93055,44787.59926,43100.56992,44202.4816,44991.57318,45350.95635,45789.70356,46508.62766,47321.6752,47903.81059,48878.85827,49775.67769,,
"Hong Kong SAR, China",HKG,"GNI per capita, PPP (constant 2017 international $)",NY.GNP.PCAP.PP.KD,,,,,,,,,,,,,,,,,,,,,,,,,,,,,,,27931.05741,29102.20912,30592.60697,33407.24407,34501.21112,34870.27087,34133.84541,35879.30674,34235.8759,34784.73647,36632.67194,37157.75467,36952.14322,38936.59706,41767.70195,43927.69304,47567.9856,50635.27064,52722.7492,49923.40396,52435.05449,54905.0528,54542.52005,56261.25221,57500.25974,58270.56067,59555.73538,62449.73774,63984.16976,62984.76553,
Honduras,HND,"GNI per capita, PPP (constant 2017 international $)",NY.GNP.PCAP.PP.KD,,,,,,,,,,,,,,,,,,,,,,,,,,,,,,,3769.089426,3517.120102,3602.459556,3808.928343,3702.068676,3812.470496,3778.101428,3891.10265,3933.027947,3824.673968,3970.238338,3960.801743,3988.817399,4041.742387,4164.148391,4333.379866,4505.544533,4754.116207,4829.130679,4583.376538,4611.253227,4686.672417,4730.65185,4762.820714,4776.059928,4925.19639,5020.827684,5221.69787,5241.143984,5308.452598,
Heavily indebted poor countries (HIPC),HPC,"GNI per capita, PPP (constant 2017 international $)",NY.GNP.PCAP.PP.KD,,,,,,,,,,,,,,,,,,,,,,,,,,,,,,,,1537.45981,1523.132967,1502.469506,1469.935056,1494.217991,1542.681938,1573.06397,1605.144469,1599.043006,1597.18459,1614.886463,1635.227178,1673.949342,1704.722421,1741.868789,1786.922725,1862.538298,1914.105669,1935.354455,1956.372025,2041.540743,2091.685607,2151.711198,2228.396127,2298.59126,2350.87729,2403.832925,2423.935756,2469.256642,
Croatia,HRV,"GNI per capita, PPP (constant 2017 international $)",NY.GNP.PCAP.PP.KD,,,,,,,,,,,,,,,,,,,,,,,,,,,,,,,,,,,,14814.7449,15865.90621,17059.60438,17319.69545,17023.82854,17803.73294,19081.10696,20113.98437,20897.62111,22105.62279,22876.86786,23970.83627,25305.06635,25504.66195,23530.58017,23305.8994,23345.82449,22866.02607,23128.29233,23180.35362,24299.51083,24714.70559,26204.51793,27150.59171,28069.84837,
Haiti,HTI,"GNI per capita, PPP (constant 2017 international $)",NY.GNP.PCAP.PP.KD,,,,,,,,,,,,,,,,,,,,,,,,,,,,,,,2181.362401,2180.345796,2024.413363,1877.54667,1630.076987,1765.89623,1810.428202,1823.586544,1827.766094,1841.523269,1833.212198,1774.44733,1729.857938,1704.6428,1622.238379,1611.61427,1646.724659,1672.229298,1661.059437,1688.742676,1614.53967,1683.471845,1714.464352,1748.856151,1776.983875,1770.328267,1775.674926,1774.915671,1776.068434,1708.809043,
Hungary,HUN,"GNI per capita, PPP (constant 2017 international $)",NY.GNP.PCAP.PP.KD,,,,,,,,,,,,,,,,,,,,,,,,,,,,,,,,,,15559.38222,16009.67565,16178.95882,16133.5848,16398.94179,17039.78696,,,,,,21998.38248,22952.70256,24001.98399,23763.65136,24247.36006,23206.77032,23369.31255,23806.91391,23737.84206,24610.93895,25314.72929,26288.56186,27503.22789,28344.30749,29840.34097,,
IBRD only,IBD,"GNI per capita, PPP (constant 2017 international $)",NY.GNP.PCAP.PP.KD,,,,,,,,,,,,,,,,,,,,,,,,,,,,,,,,,,,,5070.69234,5233.403125,5405.40158,5467.030545,5600.322007,5869.734045,6016.714811,6225.344136,6537.401603,6944.011736,7329.580746,7860.303032,8475.623065,8847.432084,8926.601951,9480.277766,9957.772281,10356.85835,10760.9838,11201.3801,11572.42762,11982.80364,12508.97514,12976.40998,,
IDA & IBRD total,IBT,"GNI per capita, PPP (constant 2017 international $)",NY.GNP.PCAP.PP.KD,,,,,,,,,,,,,,,,,,,,,,,,,,,,,,,,,,,,4441.539276,4573.201187,4706.393492,4751.839061,4854.005215,5062.415234,5179.805356,5350.196549,5602.457399,5930.715659,6238.694532,6667.416065,7152.47607,7441.608095,7500.391773,7928.105259,8303.301857,8610.625693,8925.46577,9269.708406,9553.841858,9856.796413,10247.00682,10591.43813,,
IDA total,IDA,"GNI per capita, PPP (constant 2017 international $)",NY.GNP.PCAP.PP.KD,,,,,,,,,,,,,,,,,,,,,,,,,,,,,,,2133.393497,2111.778504,2130.799057,2079.137309,2058.140957,2088.438101,2132.348122,2141.792457,2162.462595,2179.479361,2184.311004,2239.908398,2321.570839,2406.487991,2505.439377,2592.740747,2726.578954,2820.651484,2896.186155,2960.763869,3039.286582,3128.833398,3215.205334,3325.894313,3453.016558,3555.29349,3615.917817,3686.691901,3765.945727,,
IDA blend,IDB,"GNI per capita, PPP (constant 2017 international $)",NY.GNP.PCAP.PP.KD,,,,,,,,,,,,,,,,,,,,,,,,,,,,,,,2990.968041,2949.905247,2989.034903,2873.415298,2854.033492,2880.693034,2923.994075,2903.23025,2907.436754,2918.825894,2895.70913,2980.408848,3137.448106,3273.403625,3444.15769,3562.530791,3775.154846,3855.092178,3926.34573,4024.897426,4142.732387,4237.219632,4326.639194,4460.107828,4637.626118,4735.254278,4737.292969,4753.375307,4811.028089,,
Indonesia,IDN,"GNI per capita, PPP (constant 2017 international $)",NY.GNP.PCAP.PP.KD,,,,,,,,,,,,,,,,,,,,,,,,,,,,,,,,,,,,,,,,,,,,,,,,,,,8058.514586,8430.613109,8819.426031,9170.974608,9472.782442,9815.404534,10197.48533,10589.32983,11041.77027,11459.09692,
IDA only,IDX,"GNI per capita, PPP (constant 2017 international $)",NY.GNP.PCAP.PP.KD,,,,,,,,,,,,,,,,,,,,,,,,,,,,,,,,,,,1626.88552,1665.217904,1714.883102,1750.804185,1787.119451,1810.773114,1840.760882,1878.849418,1909.285385,1963.500922,2016.237159,2088.499035,2173.33731,2284.586742,2367.831884,2411.903441,2465.941455,2559.296629,2644.842376,2743.667233,2843.108842,2949.647993,3044.958574,3148.72211,3245.32719,3376.331908,
Isle of Man,IMN,"GNI per capita, PPP (constant 2017 international $)",NY.GNP.PCAP.PP.KD,,,,,,,,,,,,,,,,,,,,,,,,,,,,,,,,,,,,,,,,,,,,,,,,,,,,,,,,,,,,,
India,IND,"GNI per capita, PPP (constant 2017 international $)",NY.GNP.PCAP.PP.KD,,,,,,,,,,,,,,,,,,,,,,,,,,,,,,,1787.071411,1765.563014,1825.445774,1877.489962,1966.185824,2078.120867,2196.976893,2245.35313,2340.792988,2504.371442,2548.048438,2630.025182,2689.210763,2851.163987,3028.796756,3216.752351,3420.533034,3640.133556,3691.285128,3925.787984,4181.627173,4352.963324,4520.568478,4749.422403,5047.230887,5391.426705,5722.265297,6119.130532,6427.179856,6681.346904,
Not classified,INX,"GNI per capita, PPP (constant 2017 international $)",NY.GNP.PCAP.PP.KD,,,,,,,,,,,,,,,,,,,,,,,,,,,,,,,,,,,,,,,,,,,,,,,,,,,,,,,,,,,,,
Ireland,IRL,"GNI per capita, PPP (constant 2017 international $)",NY.GNP.PCAP.PP.KD,,,,,,,,,,,,,,,,,,,,,,,,,,,,,,,,,,,,29468.77468,31577.77165,34178.82735,36512.53397,38910.85967,41963.3801,42576.33266,43572.51343,45393.01686,47847.52533,49610.62254,51356.365,51898.93403,48612.05724,44165.90174,44851.52006,43373.73098,42998.81589,45199.33424,48791.61376,54473.84163,59397.298,62042.69454,65762.20505,,
"Iran, Islamic Rep.",IRN,"GNI per capita, PPP (constant 2017 international $)",NY.GNP.PCAP.PP.KD,,,,,,,,,,,,,,,,,,,,,,,,,,,,,,,8673.07237,9514.832637,9598.265913,9567.121369,9197.874212,9412.10961,9582.373232,9581.683866,9731.239694,9580.974476,10071.27771,10033.91153,10651.21243,11430.56041,11752.15589,11981.71562,12465.9568,13365.68425,13260.29549,13199.89732,13812.72285,14011.26977,12896.65386,12711.73509,13078.66095,12730.15449,14245.62169,14562.9133,,,
Iraq,IRQ,"GNI per capita, PPP (constant 2017 international $)",NY.GNP.PCAP.PP.KD,,,,,,,,,,,,,,,,,,,,,,,,,,,,,,,,,,,,,,,,,,,,,,,,,,,,,,,,,,10890.96619,,,
Iceland,ISL,"GNI per capita, PPP (constant 2017 international $)",NY.GNP.PCAP.PP.KD,,,,,,,,,,,,,,,,,,,,,,,,,,,,,,,,,,,,,,,,,,,,,,,,,,,,,,,,,,54377.5002,,,
Israel,ISR,"GNI per capita, PPP (constant 2017 international $)",NY.GNP.PCAP.PP.KD,,,,,,,,,,,,,,,,,,,,,,,,,,,,,,,23667.76429,24213.08993,25149.84725,25497.30124,26660.57878,27785.18466,28321.1506,28592.95364,29037.57964,28901.54391,29643.60575,29615.80929,29176.43409,28947.64197,29840.62355,31089.3203,32390.83517,33744.3647,33555.16034,32905.57458,34305.52597,35469.40325,35173.88881,36143.56876,37308.60105,37313.16577,38023.69005,38573.05997,39567.76349,,
Italy,ITA,"GNI per capita, PPP (constant 2017 international $)",NY.GNP.PCAP.PP.KD,,,,,,,,,,,,,,,,,,,,,,,,,,,,,,,36282.2812,36749.99182,36975.25265,36725.17832,37450.08743,38658.90703,39234.39385,40138.86321,40814.42868,41621.3897,43098.07719,43947.33438,43930.52351,43779.89226,44258.88591,44546.43324,45315.04756,45612.53443,44434.70817,42253.08591,42781.82944,42993.62908,41653.7145,40394.98875,40096.29296,40164.24268,41155.4269,42013.20435,42656.87116,42776.35692,
Jamaica,JAM,"GNI per capita, PPP (constant 2017 international $)",NY.GNP.PCAP.PP.KD,,,,,,,,,,,,,,,,,,,,,,,,,,,,,,,,,,,,,,,,,,,,,,,,9711.140224,9708.686693,9107.149984,9087.764861,9213.949644,9305.432428,9209.426947,9242.035932,9186.426278,9149.768481,9315.189101,9296.679988,,
Jordan,JOR,"GNI per capita, PPP (constant 2017 international $)",NY.GNP.PCAP.PP.KD,,,,,,,,,,,,,,,,,,,,,,,,,,,,,,,7062.820534,6580.950356,7562.443742,7579.571427,7618.690172,7846.503365,7748.359331,7922.909853,8086.156628,8206.018994,8664.641873,9010.705012,9250.981592,9480.09348,10099.75154,10558.93084,11024.204,11523.27305,11641.21888,11652.59054,11039.18881,10724.82355,10389.76442,10170.4889,10001.36851,9855.676537,9790.376961,9791.288442,9806.611024,,
Japan,JPN,"GNI per capita, PPP (constant 2017 international $)",NY.GNP.PCAP.PP.KD,,,,,,,,,,,,,,,,,,,,,,,,,,,,,,,32322.83345,33305.80282,33559.16927,33313.71873,33515.72899,34309.38496,35397.40671,35728.70637,35206.3873,35049.83963,36045.02734,36140.06498,36058.72734,36590.19076,37495.47897,38220.75665,38904.88516,39646.39986,39030.36814,36871.60985,38455.15014,38563.32905,39142.57238,40239.53701,40535.50573,41194.17171,41278.97346,42315.33578,42563.63174,,
Kazakhstan,KAZ,"GNI per capita, PPP (constant 2017 international $)",NY.GNP.PCAP.PP.KD,,,,,,,,,,,,,,,,,,,,,,,,,,,,,,,,,,10624.01093,9395.665047,8763.568378,8916.476277,9183.642305,9171.432247,9349.715744,9993.544487,11521.95902,12765.07849,13734.71166,14758.68064,15396.1722,16317.19198,17274.63349,16889.40413,17769.16531,17976.27446,18264.09765,19217.18049,21068.97501,21752.92384,23136.88849,22005.08355,22157.8711,22171.78125,22857.46082,
Kenya,KEN,"GNI per capita, PPP (constant 2017 international $)",NY.GNP.PCAP.PP.KD,,,,,,,,,,,,,,,,,,,,,,,,,,,,,,,3096.26865,3025.349923,2911.307463,2770.800601,2784.638692,2867.208934,2948.419978,2894.16202,2917.846145,2891.947759,2839.474629,2865.007578,2808.954886,2809.049283,2879.803425,2990.925464,3090.629624,3206.732755,3137.391387,3152.104425,3317.247177,3439.438431,3485.832181,3572.708432,3657.890504,3776.351535,3894.551823,3968.907355,4134.855346,4243.62556,
Kyrgyz Republic,KGZ,"GNI per capita, PPP (constant 2017 international $)",NY.GNP.PCAP.PP.KD,,,,,,,,,,,,,,,,,,,,,,,,,,,,,,,,4678.506291,3991.413138,3361.234012,2628.271231,2453.120945,2603.298478,2776.016503,2766.706586,2782.348363,2888.322386,3086.618843,3069.604946,3262.038415,3396.482031,3394.227672,3533.266593,3813.744666,3978.479809,4053.889639,3889.734935,3867.145395,4160.447226,4379.803244,4540.283615,4632.765992,4659.189544,4803.232306,4979.513658,4864.390351,
Cambodia,KHM,"GNI per capita, PPP (constant 2017 international $)",NY.GNP.PCAP.PP.KD,,,,,,,,,,,,,,,,,,,,,,,,,,,,,,,,,,,,1170.658928,1194.411647,1223.286055,1239.73602,1349.518159,1444.54697,1526.760131,1583.450065,1699.048573,1840.120985,2039.119303,2226.489453,2435.241239,2542.491513,2498.362622,2602.171413,2736.29455,2869.323018,3062.34234,3195.928949,3331.636546,3507.370334,3684.459437,3875.681992,4246.178107,
Kiribati,KIR,"GNI per capita, PPP (constant 2017 international $)",NY.GNP.PCAP.PP.KD,,,,,,,,,,,,,,,,,,,,,,,,,,,,,,,,,,,,,,,,,,,,,,,,,2856.173443,2641.359215,2730.260216,2599.994087,2923.759171,3265.716708,3713.692884,4494.507697,4007.305074,4287.098573,4229.361833,,
St. Kitts and Nevis,KNA,"GNI per capita, PPP (constant 2017 international $)",NY.GNP.PCAP.PP.KD,,,,,,,,,,,,,,,,,,,,,,,,,,,,,,,,,,,,,,,,,,,,,,,,,,,,,,,,,,24086.57138,,,
"Korea, Rep.",KOR,"GNI per capita, PPP (constant 2017 international $)",NY.GNP.PCAP.PP.KD,,,,,,,,,,,,,,,,,,,,,,,,,,,,,,,12654.78868,13880.49859,14583.31562,15428.5112,16667.10201,18063.22412,19308.2501,20267.59912,18927.92696,21000.38408,22825.34384,23749.39649,25517.88638,26191.58326,27494.70384,28464.16927,29933.48075,31522.05369,32315.94478,32347.31627,34480.24815,35636.21579,36449.27662,37288.15552,38184.86159,38989.83769,40002.15936,41168.19604,42001.77832,43043.71057,
Kuwait,KWT,"GNI per capita, PPP (constant 2017 international $)",NY.GNP.PCAP.PP.KD,,,,,,,,,,,,,,,,,,,,,,,,,,,,,,,,,,,,,,,,,,,,,,,,,,,65119.12509,67050.96118,68823.64695,66177.10606,63973.77108,62105.958,62891.57864,59255.42529,59333.47569,,
Latin America & Caribbean (excluding high income),LAC,"GNI per capita, PPP (constant 2017 international $)",NY.GNP.PCAP.PP.KD,,,,,,,,,,,,,,,,,,,,,,,,,,,,,,,10323.50276,10546.59449,10660.13123,10927.25589,11260.54724,11148.83469,11369.19845,11781.58326,11845.92928,11685.51691,12017.91821,11864.91281,11716.98198,11842.4132,12218.67983,12521.58772,13165.91769,13727.1178,14079.51758,13599.75191,14296.10265,14787.77246,14995.83773,15301.59715,15381.88968,15344.23816,15170.73123,15321.96473,15317.8406,15270.30768,
Lao PDR,LAO,"GNI per capita, PPP (constant 2017 international $)",NY.GNP.PCAP.PP.KD,,,,,,,,,,,,,,,,,,,,,,,,,,,,,,,,,,,,,,,,,,,,,,,,,,,,,,,,,,6874.759213,,,
Lebanon,LBN,"GNI per capita, PPP (constant 2017 international $)",NY.GNP.PCAP.PP.KD,,,,,,,,,,,,,,,,,,,,,,,,,,,,,,,9196.837924,10999.50188,12403.63719,12823.41858,13382.76142,13844.91651,14885.01175,14728.17245,14956.75839,14715.6272,14641.4918,14304.13548,13498.57959,11548.61746,13722.95163,14138.75918,14401.74009,16064.8253,17276.6616,18470.99953,19249.39888,18627.78057,17961.82287,17433.34226,16792.47472,16118.91761,15830.67839,15942.23987,15519.44774,14654.53395,
Liberia,LBR,"GNI per capita, PPP (constant 2017 international $)",NY.GNP.PCAP.PP.KD,,,,,,,,,,,,,,,,,,,,,,,,,,,,,,,,,,,,,,,,,1533.219172,1474.182239,1466.798229,990.1716386,1102.569727,1127.97354,1174.777713,1253.315132,1287.926816,1273.095754,1293.015065,1387.816288,1404.685219,1489.133924,1461.523009,1442.415705,1383.377483,1375.914345,1319.387515,,
Libya,LBY,"GNI per capita, PPP (constant 2017 international $)",NY.GNP.PCAP.PP.KD,,,,,,,,,,,,,,,,,,,,,,,,,,,,,,,,,,,,,,,,,,,,,,,,,,,,,,,,,,13686.02045,,,
St. Lucia,LCA,"GNI per capita, PPP (constant 2017 international $)",NY.GNP.PCAP.PP.KD,,,,,,,,,,,,,,,,,,,,,,,,,,,,,,,,,,,,,,,,,,,,,,,,,,,,,,,,,,14139.6657,,,
Latin America & Caribbean,LCN,"GNI per capita, PPP (constant 2017 international $)",NY.GNP.PCAP.PP.KD,,,,,,,,,,,,,,,,,,,,,,,,,,,,,,,10408.9968,10646.61536,10795.69807,11078.29154,11411.34799,11352.57552,11581.64652,12011.67646,12091.11498,11942.49098,12281.77296,12131.55884,11990.06637,12104.73472,12508.55523,12821.21488,13444.08591,14024.06307,14404.36191,13929.31209,14616.37845,15141.63979,15395.85599,15721.33859,15812.74647,15804.07516,15644.4229,15787.98376,15797.31692,15753.66601,
Least developed countries: UN classification,LDC,"GNI per capita, PPP (constant 2017 international $)",NY.GNP.PCAP.PP.KD,,,,,,,,,,,,,,,,,,,,,,,,,,,,,,,,,,,,1465.852218,1509.754031,1538.545812,1570.638724,1591.977505,1615.408601,1655.925633,1711.471472,1756.200256,1808.302415,1887.715575,1973.482176,2099.491788,2179.700921,2242.863705,2293.542878,2386.198616,2461.488095,2541.250343,2632.214043,2717.112669,2783.02959,2854.858696,2920.381091,3042.485277,
Low income,LIC,"GNI per capita, PPP (constant 2017 international $)",NY.GNP.PCAP.PP.KD,,,,,,,,,,,,,,,,,,,,,,,,,,,,,,,,,,,,,,,,,,,,,,,,,,,,,,,,,,,,,
Liechtenstein,LIE,"GNI per capita, PPP (constant 2017 international $)",NY.GNP.PCAP.PP.KD,,,,,,,,,,,,,,,,,,,,,,,,,,,,,,,,,,,,,,,,,,,,,,,,,,,,,,,,,,,,,
Sri Lanka,LKA,"GNI per capita, PPP (constant 2017 international $)",NY.GNP.PCAP.PP.KD,,,,,,,,,,,,,,,,,,,,,,,,,,,,,,,3857.334475,3982.342764,4134.344898,4383.201845,4557.977205,4740.090495,4881.181187,5177.272169,5368.479266,5557.073223,5850.026167,5723.105364,5918.852145,6253.37692,6534.764141,6872.356869,7332.787619,7795.922241,8104.579428,8424.438251,9041.182759,9746.30257,10541.47321,10748.55286,11181.46391,11600.29333,11961.24757,12250.94548,12515.72947,12707.36624,
Lower middle income,LMC,"GNI per capita, PPP (constant 2017 international $)",NY.GNP.PCAP.PP.KD,,,,,,,,,,,,,,,,,,,,,,,,,,,,,,,2798.147064,2776.393128,2758.800784,2698.670778,2678.859913,2731.659802,2812.727184,2856.656927,2942.28195,3049.90632,3109.31482,3210.07436,3304.571842,3467.155032,3657.598464,3815.941431,4031.668768,4250.071369,4350.384236,4462.261566,4685.276838,4837.070627,4988.670855,5183.189136,5400.754201,5637.822716,5870.665723,6123.6987,6363.548177,6582.230686,
Low & middle income,LMY,"GNI per capita, PPP (constant 2017 international $)",NY.GNP.PCAP.PP.KD,,,,,,,,,,,,,,,,,,,,,,,,,,,,,,,,,,,,4271.454152,4393.515934,4522.562085,4564.516864,4667.079467,4870.372454,4985.275739,5153.237038,5407.107226,5730.415805,6031.46964,6453.92703,6929.312805,7202.720599,7268.772928,7701.112573,8068.968724,8374.81895,8687.52928,9028.921972,9307.025983,9608.15249,9990.230028,10325.79834,,
Lesotho,LSO,"GNI per capita, PPP (constant 2017 international $)",NY.GNP.PCAP.PP.KD,,,,,,,,,,,,,,,,,,,,,,,,,,,,,,,,,,,,,,,,,,,,,,,,2827.008939,2964.719228,2894.380602,2981.391708,3008.446831,3074.212932,3118.417992,3125.630845,3077.223182,3207.041493,3150.382288,3118.9655,3150.620131,
Late-demographic dividend,LTE,"GNI per capita, PPP (constant 2017 international $)",NY.GNP.PCAP.PP.KD,,,,,,,,,,,,,,,,,,,,,,,,,,,,,,,,,,,,5359.920277,5519.867493,5713.109851,5716.171256,5925.026715,6334.15623,6613.254313,6940.975304,7340.927098,7893.431592,8403.353783,9114.252187,9992.213885,10601.73327,10786.2647,11524.3316,12220.68938,12886.5084,13474.77599,14114.7245,14598.99292,15116.29549,15800.20264,16471.5925,,
Lithuania,LTU,"GNI per capita, PPP (constant 2017 international $)",NY.GNP.PCAP.PP.KD,,,,,,,,,,,,,,,,,,,,,,,,,,,,,,,,,,,,,,,,,,,,,18935.61355,20859.33019,22641.69071,24982.52991,25980.47225,23589.11318,23849.7177,25279.4195,26553.24174,28038.68162,29572.84342,29705.10182,30822.33248,32560.84913,34264.12383,,
Luxembourg,LUX,"GNI per capita, PPP (constant 2017 international $)",NY.GNP.PCAP.PP.KD,,,,,,,,,,,,,,,,,,,,,,,,,,,,,,,70537.77067,76220.14538,75883.17275,77210.69952,76542.34807,78969.21474,79072.81517,85513.54895,86068.99495,89426.43186,93991.0955,97657.02792,91408.4487,84367.96717,97398.01156,99777.70995,91296.77386,107701.0379,101376.5987,73925.68554,79133.40987,75665.4938,73926.15602,71840.53347,72042.09867,72407.19582,72258.92502,72746.02396,72475.6812,,
Latvia,LVA,"GNI per capita, PPP (constant 2017 international $)",NY.GNP.PCAP.PP.KD,,,,,,,,,,,,,,,,,,,,,,,,,,,,,,,,,,,,9562.864511,9908.050641,10910.5453,11705.37651,11944.46162,12840.50695,13886.69928,15029.26752,16351.07955,17630.96444,19940.67994,22189.60418,24469.82544,24326.2334,22994.61644,21166.82838,22657.80731,23746.9888,24678.96788,25366.23674,26341.99008,27139.24804,28358.60388,29410.0872,,
"Macao SAR, China",MAC,"GNI per capita, PPP (constant 2017 international $)",NY.GNP.PCAP.PP.KD,,,,,,,,,,,,,,,,,,,,,,,,,,,,,,,,,,,,,,,,,,,54083.15554,58076.88152,69579.98905,72677.94122,77554.20208,95346.75939,87585.9694,87711.1262,105743.6035,122213.178,128060.4301,136394.9136,133944.2155,110419.5218,108780.952,116078.8215,120376.3998,,
St. Martin (French part),MAF,"GNI per capita, PPP (constant 2017 international $)",NY.GNP.PCAP.PP.KD,,,,,,,,,,,,,,,,,,,,,,,,,,,,,,,,,,,,,,,,,,,,,,,,,,,,,,,,,,,,,
Morocco,MAR,"GNI per capita, PPP (constant 2017 international $)",NY.GNP.PCAP.PP.KD,,,,,,,,,,,,,,,,,,,,,,,,,,,,,,,3709.871698,3895.959924,3759.380819,3646.231611,3988.473333,3698.075854,4129.455142,4006.50038,4268.098013,4263.474453,4287.106819,4551.214206,4651.931165,4880.582728,5074.791976,5208.789401,5532.078115,5671.588668,5944.826415,6048.040681,6199.444789,6418.595316,6496.648211,6742.072941,6757.625801,6995.085361,6972.517287,7170.822369,7280.947683,7368.360268,
Monaco,MCO,"GNI per capita, PPP (constant 2017 international $)",NY.GNP.PCAP.PP.KD,,,,,,,,,,,,,,,,,,,,,,,,,,,,,,,,,,,,,,,,,,,,,,,,,,,,,,,,,,,,,
Moldova,MDA,"GNI per capita, PPP (constant 2017 international $)",NY.GNP.PCAP.PP.KD,,,,,,,,,,,,,,,,,,,,,,,,,,,,,,,,,,,,5618.80323,5520.442597,5596.859447,5213.830149,5046.746672,5143.601036,5719.789068,6344.889181,6923.73208,7579.176628,8155.898487,8428.566844,8534.981027,9240.692154,8403.787676,9147.776928,9659.135218,9835.127489,10735.15216,11203.50096,10956.80618,11540.59215,12323.3164,12970.85209,,
Madagascar,MDG,"GNI per capita, PPP (constant 2017 international $)",NY.GNP.PCAP.PP.KD,,,,,,,,,,,,,,,,,,,,,,,,,,,,,,,1781.246604,1608.47859,1596.031461,1584.925241,1526.520875,1506.051184,1506.019853,1517.086836,1530.907032,1558.499345,1583.262319,1629.995956,1385.385923,1476.263062,1513.376581,1529.063813,1561.650766,1627.541209,1689.494071,1571.309062,1532.139578,1515.815266,1496.276683,1486.198812,1505.548915,1494.629287,1507.430283,1541.17141,1569.1891,1596.28108,
Maldives,MDV,"GNI per capita, PPP (constant 2017 international $)",NY.GNP.PCAP.PP.KD,,,,,,,,,,,,,,,,,,,,,,,,,,,,,,,,,,,,,,,,,,,,,,,,,,,,,,,,,,16564.42297,,,
Middle East & North Africa,MEA,"GNI per capita, PPP (constant 2017 international $)",NY.GNP.PCAP.PP.KD,,,,,,,,,,,,,,,,,,,,,,,,,,,,,,,,,,,,,,,,,12321.52119,12311.84563,12267.59304,12864.95119,13419.04242,13757.44644,14269.63014,14839.65243,15160.5347,14903.26609,15270.54667,15769.7919,15756.13855,15881.87554,16143.2557,16365.7547,16847.93635,16814.83606,16942.32284,,
Mexico,MEX,"GNI per capita, PPP (constant 2017 international $)",NY.GNP.PCAP.PP.KD,,,,,,,,,,,,,,,,,,,,,,,,,,,,,,,14499.71806,14916.61089,15181.38015,15248.50003,15716.28415,14286.70442,15067.25446,15982.63181,16554.55855,16822.09944,17401.87555,17142.03449,16923.75998,16930.83158,17391.80051,17428.28375,18059.0346,18171.58687,18158.75156,16899.8954,17601.05936,17917.86459,18259.21763,18086.9344,18467.58426,18817.47268,19101.42516,19300.20634,19476.34848,19159.83967,
Marshall Islands,MHL,"GNI per capita, PPP (constant 2017 international $)",NY.GNP.PCAP.PP.KD,,,,,,,,,,,,,,,,,,,,,,,,,,,,,,,,,,,,,,,,,,,,,4429.931257,4503.087799,4396.522855,4490.284548,4159.840703,4170.265847,4329.280216,4294.349289,4041.252436,4278.745039,4402.793033,4781.398127,4776.634665,4857.334629,4949.944826,,
Middle income,MIC,"GNI per capita, PPP (constant 2017 international $)",NY.GNP.PCAP.PP.KD,,,,,,,,,,,,,,,,,,,,,,,,,,,,,,,,,,,,4524.158625,4656.297059,4797.225515,4845.320651,4960.22723,5183.938589,5312.111995,5498.482786,5777.232752,6133.26623,6465.086269,6929.926127,7450.540867,7755.570161,7835.058223,8315.678676,8717.316651,9059.879296,9410.422033,9790.832918,10104.0765,10443.8723,10875.45804,11259.98007,,
North Macedonia,MKD,"GNI per capita, PPP (constant 2017 international $)",NY.GNP.PCAP.PP.KD,,,,,,,,,,,,,,,,,,,,,,,,,,,,,,,11202.07735,10582.07783,9719.216201,9060.287646,8972.142696,8900.562971,8959.098617,9025.30549,9274.000216,9578.528703,9946.121583,9709.315187,9786.808042,9974.416495,10483.62576,10837.01113,11533.91015,11741.34815,12825.56917,12830.44347,13160.3276,13410.32028,13282.75239,13627.62372,14177.8194,14509.0795,14759.93619,14913.88212,15279.07031,15864.63074,
Mali,MLI,"GNI per capita, PPP (constant 2017 international $)",NY.GNP.PCAP.PP.KD,,,,,,,,,,,,,,,,,,,,,,,,,,,,,,,1409.48487,1549.200756,1460.66962,1472.637904,1470.85372,1435.907111,1497.094603,1526.438087,1602.121719,1657.360403,1615.240077,1742.100764,1719.239836,1870.840074,1841.67532,1900.965285,1914.132705,1917.757545,1952.941471,1948.002809,2000.493221,2008.022924,1928.599071,1929.085125,2020.232956,2091.87742,2136.394795,2175.029792,2224.443039,2268.77278,
Malta,MLT,"GNI per capita, PPP (constant 2017 international $)",NY.GNP.PCAP.PP.KD,,,,,,,,,,,,,,,,,,,,,,,,,,,,,,,,,,,,,,,,,28497.42407,29320.69389,29502.1196,28651.03523,28545.6689,28456.59224,28773.77388,29956.3812,30969.62555,28675.24027,30018.84847,30931.34529,31252.82056,32198.03487,34498.30027,36783.61827,36811.91967,37831.63536,39434.09178,39554.52078,
Myanmar,MMR,"GNI per capita, PPP (constant 2017 international $)",NY.GNP.PCAP.PP.KD,,,,,,,,,,,,,,,,,,,,,,,,,,,,,,,,,,,,,,,,,,,,,,,,,,,3127.11071,3276.794356,3340.191265,3623.772381,3843.237154,4136.99376,4363.245508,4604.99178,4851.545208,,
Middle East & North Africa (excluding high income),MNA,"GNI per capita, PPP (constant 2017 international $)",NY.GNP.PCAP.PP.KD,,,,,,,,,,,,,,,,,,,,,,,,,,,,,,,7123.529708,7414.143395,7504.745459,7441.920266,7353.827784,7440.498543,7637.033981,7683.591369,7905.239453,7935.568282,8193.083518,8293.281582,8525.633392,8866.40183,9130.987012,9308.516926,9672.750931,10241.57388,10438.76212,10501.13033,10775.07267,10859.50721,10498.27125,10489.16378,10644.8532,10693.07962,11288.61831,11444.35691,,,
Montenegro,MNE,"GNI per capita, PPP (constant 2017 international $)",NY.GNP.PCAP.PP.KD,,,,,,,,,,,,,,,,,,,,,,,,,,,,,,,,,,,,,,,,,,,,,,,15396.88487,16355.9902,17569.11228,16282.88982,16545.17286,17328.64668,17006.44596,17643.74543,17818.23873,18594.26809,18865.26641,20034.72461,20846.7246,21399.24713,
Mongolia,MNG,"GNI per capita, PPP (constant 2017 international $)",NY.GNP.PCAP.PP.KD,,,,,,,,,,,,,,,,,,,,,,,,,,,,,,,,,,,,,,,,,,,,,,,,,,,6947.752028,7964.714091,8805.225138,9882.235927,10180.53651,10230.88814,10121.76545,9719.116428,10763.09111,10838.6743,
Northern Mariana Islands,MNP,"GNI per capita, PPP (constant 2017 international $)",NY.GNP.PCAP.PP.KD,,,,,,,,,,,,,,,,,,,,,,,,,,,,,,,,,,,,,,,,,,,,,,,,,,,,,,,,,,,,,
Mozambique,MOZ,"GNI per capita, PPP (constant 2017 international $)",NY.GNP.PCAP.PP.KD,,,,,,,,,,,,,,,,,,,,,,,,,,,,,,,,470.7535424,419.8468334,448.3724188,457.7385361,459.0628029,497.2318125,539.9748166,581.9909644,643.5757113,616.8022382,672.6174466,663.0977569,740.9166825,766.1259454,791.130831,819.199378,867.4411406,910.1776245,969.6814521,997.9985131,1061.12787,1116.825647,1163.399759,1205.312578,1240.726295,1248.07888,1245.428324,1264.662175,1250.405688,
Mauritania,MRT,"GNI per capita, PPP (constant 2017 international $)",NY.GNP.PCAP.PP.KD,,,,,,,,,,,,,,,,,,,,,,,,,,,,,,,4473.62806,4483.688206,4460.175583,4576.653596,4315.905269,4621.945512,4965.121301,4633.778109,4663.765058,4720.548158,4389.685916,4142.86096,4268.180039,4429.95454,4507.098767,4734.614427,5232.800849,5009.314532,4897.325729,4834.483797,4701.827561,4686.34456,4727.910385,4792.254957,4816.29539,4985.901943,4955.602368,5004.577847,5014.917458,5134.570124,
Mauritius,MUS,"GNI per capita, PPP (constant 2017 international $)",NY.GNP.PCAP.PP.KD,,,,,,,,,,,,,,,,,,,,,,,,,,,,,,,8046.322959,8397.519289,8839.706788,9158.554215,9333.043439,9669.428562,10053.30378,10553.10856,11052.98052,11226.39108,12032.01572,12414.84465,12526.33511,13071.84538,13591.98625,13764.56163,14489.28405,15541.13402,16146.73351,16463.09089,16926.72359,17424.34562,18864.79785,20119.68649,20828.48852,21650.63134,22406.99637,23536.24781,24407.6945,,
Malawi,MWI,"GNI per capita, PPP (constant 2017 international $)",NY.GNP.PCAP.PP.KD,,,,,,,,,,,,,,,,,,,,,,,,,,,,,,,,,,,,,,,,,,,725.870129,748.8774566,770.0906208,776.7478205,792.1675513,848.0401927,887.6625449,929.3373357,959.0334791,978.2742273,960.1294671,975.0056101,1004.870626,995.6741162,1025.495213,1012.285596,1018.026813,1034.677638,
Malaysia,MYS,"GNI per capita, PPP (constant 2017 international $)",NY.GNP.PCAP.PP.KD,,,,,,,,,,,,,,,,,,,,,,,,,,,,,,,9928.443899,10513.91749,11125.54384,11975.81915,12756.852,13659.22183,14640.35524,15214.35482,13710.86891,13978.14418,14700.3024,14605.82321,15178.32393,15898.36268,16662.21173,17324.93845,18210.72867,19134.30663,19467.3667,19045.30072,19881.13018,20777.19163,21306.88471,22093.09389,23113.03144,24118.26266,24845.99383,25897.28337,26557.4321,27534.09856,
North America,NAC,"GNI per capita, PPP (constant 2017 international $)",NY.GNP.PCAP.PP.KD,,,,,,,,,,,,,,,,,,,,,,,,,,,,,,,39939.74316,39296.49217,40029.63158,40597.33568,41678.21517,42320.34648,43357.07503,44710.4568,46091.19945,47750.70017,49267.85141,49326.43084,49765.83382,50831.47364,52354.78756,53736.72121,54696.53522,55606.61663,55193.0329,53256.17709,54321.90893,54930.67279,55681.58178,56304.42218,57268.22399,58319.80797,58741.84453,59725.19148,61079.521,,
Namibia,NAM,"GNI per capita, PPP (constant 2017 international $)",NY.GNP.PCAP.PP.KD,,,,,,,,,,,,,,,,,,,,,,,,,,,,,,,5960.62645,6355.869182,6478.936738,6252.194515,6198.27712,6434.171269,6384.749491,6505.122612,6628.030493,6564.019065,6878.259231,6799.787377,7126.213365,7537.214095,8051.41632,7924.087415,8405.117501,8460.284359,8539.512747,8389.048572,8574.466909,8949.496315,9105.069576,9818.497097,10168.82435,10481.75426,10071.07091,9866.195699,9618.033593,9356.673607,
New Caledonia,NCL,"GNI per capita, PPP (constant 2017 international $)",NY.GNP.PCAP.PP.KD,,,,,,,,,,,,,,,,,,,,,,,,,,,,,,,,,,,,,,,,,,,,,,,,,,,,,,,,,,,,,
Niger,NER,"GNI per capita, PPP (constant 2017 international $)",NY.GNP.PCAP.PP.KD,,,,,,,,,,,,,,,,,,,,,,,,,,,,,,,,,,,,987.2243023,966.2138996,945.6591097,1006.800243,972.0335676,927.9081897,959.6639065,966.537372,955.7010872,928.2799816,959.3686036,980.3797466,973.2077849,1007.399629,985.6723707,1027.505301,1011.567264,1066.597696,1078.667284,1110.333564,1112.707636,1131.428051,1142.769212,1178.512121,1200.898463,
Nigeria,NGA,"GNI per capita, PPP (constant 2017 international $)",NY.GNP.PCAP.PP.KD,,,,,,,,,,,,,,,,,,,,,,,,,,,,,,,3108.655489,3043.890451,3066.651586,2884.182269,2813.342912,2776.34961,2825.888711,2847.735788,2838.893874,2836.448205,2739.242531,2896.408278,3230.032545,3340.636866,3567.690742,3675.105996,4025.676088,4063.156629,4238.146182,4433.834219,4635.558286,4758.778933,4848.226501,5045.011583,5311.163027,5356.407543,5160.488697,5031.602284,4928.924489,,
Nicaragua,NIC,"GNI per capita, PPP (constant 2017 international $)",NY.GNP.PCAP.PP.KD,,,,,,,,,,,,,,,,,,,,,,,,,,,,,,,,,,,2817.206191,3046.661661,3242.399265,3371.941642,3518.979726,3707.938483,3808.11844,3840.066621,3839.505111,3894.094398,4065.851754,4225.810411,4308.74211,4491.010149,4581.665312,4344.231182,4486.526579,4709.562406,4939.612717,5116.951081,5307.928641,5479.359698,5654.842156,5845.328668,5564.860043,,
Netherlands,NLD,"GNI per capita, PPP (constant 2017 international $)",NY.GNP.PCAP.PP.KD,,,,,,,,,,,,,,,,,,,,,,,,,,,,,,,36547.64034,37267.93346,37506.76913,37930.14227,39023.49789,40290.48025,41567.28841,42854.78914,44008.78838,46685.66846,48502.32697,48157.41018,48053.29336,48547.87712,49093.37089,49006.22555,51739.96431,53134.2381,52566.1702,51337.26454,52431.30938,53576.58989,52992.18818,52582.99756,52303.57043,53264.04001,53300.39657,55765.1891,57013.8278,,
Norway,NOR,"GNI per capita, PPP (constant 2017 international $)",NY.GNP.PCAP.PP.KD,,,,,,,,,,,,,,,,,,,,,,,,,,,,,,,40543.6623,41477.83568,43131.24605,44035.40487,46236.97424,48089.03166,50273.27518,52677.9921,53720.72997,54542.8593,55612.89034,57249.31623,57874.62945,58221.72368,59951.52352,61665.38468,62009.14142,62958.67705,62365.6565,61161.56752,61155.66405,60902.22437,61660.08088,61707.24404,63555.49569,64682.54686,64776.54119,65732.49548,66180.44754,,
Nepal,NPL,"GNI per capita, PPP (constant 2017 international $)",NY.GNP.PCAP.PP.KD,,,,,,,,,,,,,,,,,,,,,,,,,,,,,,,,,,,,,,,,,,1871.25928,1835.323166,1880.638748,1939.108805,1992.806725,2043.809259,2093.461667,2196.573855,2282.461998,2371.874557,2445.29247,2573.695269,2686.152128,2874.478158,2956.944133,2945.532642,3135.224376,3275.800656,3456.706213,
Nauru,NRU,"GNI per capita, PPP (constant 2017 international $)",NY.GNP.PCAP.PP.KD,,,,,,,,,,,,,,,,,,,,,,,,,,,,,,,,,,,,,,,,,,,,,,,,,,,,,,,,,,14953.65822,,,
New Zealand,NZL,"GNI per capita, PPP (constant 2017 international $)",NY.GNP.PCAP.PP.KD,,,,,,,,,,,,,,,,,,,,,,,,,,,,,,,26183.1003,24076.10764,24145.39973,25208.73642,26250.581,27238.1445,27464.56715,28058.63175,28417.88034,29423.01457,30181.72211,31210.61333,32121.10338,32991.54443,33509.49347,33953.19457,34424.64963,34925.68269,34258.71425,34963.8679,34779.69667,35476.75059,36226.64233,36937.39757,37668.11262,38586.59172,39201.89216,39331.64459,40558.70754,,
OECD members,OED,"GNI per capita, PPP (constant 2017 international $)",NY.GNP.PCAP.PP.KD,,,,,,,,,,,,,,,,,,,,,,,,,,,,,,,29386.40056,29558.45312,29948.55943,30113.9013,30751.22945,31300.66792,32098.57555,33033.16465,33733.82284,34603.23289,35795.18081,36014.24816,36319.11084,36850.12354,37877.43691,38726.46018,39698.28634,40512.31449,40328.60041,38741.11487,39728.08537,40402.39431,40688.22035,41064.00336,41683.32328,42427.17885,42914.63819,43816.03836,44573.10742,,
Oman,OMN,"GNI per capita, PPP (constant 2017 international $)",NY.GNP.PCAP.PP.KD,,,,,,,,,,,,,,,,,,,,,,,,,,,,,,,,,,,,,,,,,32755.21847,33909.18109,32582.84691,31474.84748,31280.06582,30748.4539,29351.33318,32208.87178,32794.22281,33031.56104,33451.94503,29715.5247,30385.4804,30158.90993,28540.62345,29398.63537,29257.4102,27885.43893,26592.75323,,
Other small states,OSS,"GNI per capita, PPP (constant 2017 international $)",NY.GNP.PCAP.PP.KD,,,,,,,,,,,,,,,,,,,,,,,,,,,,,,,,,,,,,,,,,,,,14525.29879,15127.88142,15527.53343,17119.337,18334.91556,19103.86803,18763.70415,19547.82078,20616.19816,21303.48894,21734.19751,22062.24618,22541.77839,22508.1628,22579.8881,,,
Pakistan,PAK,"GNI per capita, PPP (constant 2017 international $)",NY.GNP.PCAP.PP.KD,,,,,,,,,,,,,,,,,,,,,,,,,,,,,,,3049.238328,3050.419285,3153.08128,3112.028624,3124.776304,3206.145131,3230.170214,3155.200666,3140.014442,3167.972444,3208.276859,3238.29644,3297.103414,3489.029684,3635.888402,3779.965042,3908.34782,3999.811752,3985.07494,4033.073138,4054.30893,4103.502642,4181.573547,4275.06107,4402.753273,4534.298427,4691.273266,4821.111824,4991.711531,5005.034893,
Panama,PAN,"GNI per capita, PPP (constant 2017 international $)",NY.GNP.PCAP.PP.KD,,,,,,,,,,,,,,,,,,,,,,,,,,,,,,,10409.45167,10844.06712,11639.79821,12295.45846,12544.27714,12273.95046,12584.03984,12969.00982,13603.94024,13688.65502,14011.77859,13743.38527,14244.65785,14096.91086,14670.64569,15164.23484,16179.62544,18084.80822,19499.07737,19496.94682,19719.30972,22139.1392,23560.97213,24840.79888,24975.19267,26606.71839,27194.95109,28614.40615,,,
Peru,PER,"GNI per capita, PPP (constant 2017 international $)",NY.GNP.PCAP.PP.KD,,,,,,,,,,,,,,,,,,,,,,,,,,,,,,,4943.405647,5137.238543,4990.050692,5133.396672,5629.328551,5912.587531,6041.511109,6334.455589,6260.685666,6251.097883,6297.773346,6293.027986,6529.78187,6672.762302,6813.765521,7094.573926,7385.388531,7970.524516,8722.21919,8806.394548,9317.26821,9796.886074,10448.8795,11112.59115,11339.08906,11705.74565,11899.54143,11931.12969,12155.18282,12252.30018,
Philippines,PHL,"GNI per capita, PPP (constant 2017 international $)",NY.GNP.PCAP.PP.KD,,,,,,,,,,,,,,,,,,,,,,,,,,,,,,,4157.284253,4081.127939,4058.880792,4069.484503,4198.337099,4305.036852,4486.856804,4690.020216,4936.977013,4963.720255,4895.577244,4939.264448,5012.017786,5154.073946,5374.0843,5556.405923,5719.636042,5976.078269,6149.848186,6268.00856,6600.76709,6697.516706,7055.385991,7458.801968,7789.275176,8143.542675,8564.161839,9016.732787,9414.401189,9777.798117,
Palau,PLW,"GNI per capita, PPP (constant 2017 international $)",NY.GNP.PCAP.PP.KD,,,,,,,,,,,,,,,,,,,,,,,,,,,,,,,,,,,,,,,,,,,,,,17157.6271,17060.07894,17979.62901,17149.45581,16159.09881,16421.50519,17430.95473,17725.09812,17310.53364,17949.04112,20026.75213,20057.57251,18770.14407,19028.68988,,
Papua New Guinea,PNG,"GNI per capita, PPP (constant 2017 international $)",NY.GNP.PCAP.PP.KD,,,,,,,,,,,,,,,,,,,,,,,,,,,,,,,,,,,,,,,,,,,,,,,,,,,,,,,,,,4267.443219,,,
Poland,POL,"GNI per capita, PPP (constant 2017 international $)",NY.GNP.PCAP.PP.KD,,,,,,,,,,,,,,,,,,,,,,,,,,,,,,,,,,,,12276.23019,13108.49658,13941.54118,14584.42204,15275.42647,16168.21407,16390.87353,16698.35893,17203.27985,17729.14289,18633.39269,19717.7197,20907.42249,22052.14406,22437.31195,23211.95065,24371.75236,24800.642,25184.49721,25931.15983,26926.25997,27546.22019,28933.03662,30459.98052,31622.55302,
Pre-demographic dividend,PRE,"GNI per capita, PPP (constant 2017 international $)",NY.GNP.PCAP.PP.KD,,,,,,,,,,,,,,,,,,,,,,,,,,,,,,,2374.198975,2323.174062,2308.654762,2208.854727,2173.69124,2172.1065,2229.56433,2248.738151,2267.612283,2261.120765,2216.286788,2291.642756,2437.337486,2500.279784,2605.985507,2689.175136,2854.627432,2968.445063,3055.534045,3150.917393,3220.726259,3282.338943,3351.124722,3437.14994,3574.735522,3629.243572,3585.311623,3557.759523,3516.412201,,
Puerto Rico,PRI,"GNI per capita, PPP (constant 2017 international $)",NY.GNP.PCAP.PP.KD,,,,,,,,,,,,,,,,,,,,,,,,,,,,,,,19514.38436,19955.10691,19776.61975,20385.64704,20609.618,22579.25928,21136.96322,22086.66377,21418.08627,23134.60474,24198.00505,22991.79086,22393.77136,22030.42283,24972.19848,24439.72554,24514.79138,25045.54917,23916.09255,22545.3214,21722.39307,21674.38534,23176.06934,23487.25702,23480.29303,23411.68087,23209.93797,22937.67712,22575.83562,,
"Korea, Dem. People’s Rep.",PRK,"GNI per capita, PPP (constant 2017 international $)",NY.GNP.PCAP.PP.KD,,,,,,,,,,,,,,,,,,,,,,,,,,,,,,,,,,,,,,,,,,,,,,,,,,,,,,,,,,,,,
Portugal,PRT,"GNI per capita, PPP (constant 2017 international $)",NY.GNP.PCAP.PP.KD,,,,,,,,,,,,,,,,,,,,,,,,,,,,,,,23522.89575,24656.35325,25054.39531,24532.9968,24634.83727,25750.07367,26502.77509,27355.52203,28482.62499,29418.13748,29948.74576,30286.4104,30408.78987,30163.65008,30553.45689,30714.56383,30690.89301,31386.48294,31299.59437,30276.28227,30844.76735,30851.09332,29497.1488,29686.68449,29868.81239,30324.28765,31110.30888,32309.45025,33175.81764,33966.82756,
Paraguay,PRY,"GNI per capita, PPP (constant 2017 international $)",NY.GNP.PCAP.PP.KD,,,,,,,,,,,,,,,,,,,,,,,,,,,,,,,,,,,,8358.133051,8797.789772,8671.362435,8477.492778,8167.991172,7477.585497,7369.967226,7397.957565,6980.877733,7311.887136,7428.357895,7965.07985,8674.595519,9220.473583,9035.047885,9904.627002,10323.51598,10044.40614,10777.2154,11188.33754,11371.11926,11668.03205,12204.52606,12419.76824,12223.94045,
West Bank and Gaza,PSE,"GNI per capita, PPP (constant 2017 international $)",NY.GNP.PCAP.PP.KD,,,,,,,,,,,,,,,,,,,,,,,,,,,,,,,,,,,4509.625699,4643.245353,4453.035001,4938.8123,5678.155201,5988.087142,5110.46773,4361.722078,3664.146707,4071.625586,4336.3811,4767.542519,4521.483899,4745.74031,4911.088369,5068.157274,5309.944023,5847.998952,6101.871353,6169.007353,6140.376833,6320.950638,6506.900054,6545.43076,6581.93756,,
Pacific island small states,PSS,"GNI per capita, PPP (constant 2017 international $)",NY.GNP.PCAP.PP.KD,,,,,,,,,,,,,,,,,,,,,,,,,,,,,,,,,,,,,,,,,,,,,,,,,,,,,,,,,,,,,
Post-demographic dividend,PST,"GNI per capita, PPP (constant 2017 international $)",NY.GNP.PCAP.PP.KD,,,,,,,,,,,,,,,,,,,,,,,,,,,,,,,31952.21674,32158.55345,32478.91325,32539.07842,33191.21188,33880.9966,34664.84904,35629.27003,36381.20423,37486.712,38836.52776,39304.35589,39720.36318,40413.5438,41603.97784,42558.80114,43659.21224,44633.33713,44459.65626,42727.66788,43851.11231,44538.34239,44815.22687,45202.04534,45831.37427,46531.86381,47103.38812,48148.58749,49062.15757,,
French Polynesia,PYF,"GNI per capita, PPP (constant 2017 international $)",NY.GNP.PCAP.PP.KD,,,,,,,,,,,,,,,,,,,,,,,,,,,,,,,,,,,,,,,,,,,,,,,,,,,,,,,,,,,,,
Qatar,QAT,"GNI per capita, PPP (constant 2017 international $)",NY.GNP.PCAP.PP.KD,,,,,,,,,,,,,,,,,,,,,,,,,,,,,,,,,,,,,,,,,,,,90011.05523,93493.29504,83153.20821,93845.82099,92835.01621,91691.58159,87025.75916,91652.2374,95725.46392,94312.27816,93902.4774,93662.55612,95634.11124,95516.80322,94819.57844,,,
Romania,ROU,"GNI per capita, PPP (constant 2017 international $)",NY.GNP.PCAP.PP.KD,,,,,,,,,,,,,,,,,,,,,,,,,,,,,,,13249.69844,11676.38666,10714.09494,10873.89478,11326.98043,12034.57353,12521.2787,11939.05638,11686.55597,11657.1949,12024.54317,12837.89519,13761.77463,14000.99439,15253.99525,16259.36338,17577.83699,19112.71949,21487.79661,20684.15943,20013.99171,20494.92832,20907.84171,21787.72475,22866.96497,23705.15767,24907.53545,26805.51515,28021.18767,29497.23164,
Russian Federation,RUS,"GNI per capita, PPP (constant 2017 international $)",NY.GNP.PCAP.PP.KD,,,,,,,,,,,,,,,,,,,,,,,,,,,,,,,21513.59745,20351.46733,17229.93398,15761.58707,13867.64349,13247.05913,12698.07827,12807.97544,11901.57959,12748.24027,14228.84834,15224.62992,15935.3122,16977.91612,18422.71696,19601.47629,21147.94753,23151.97622,24193.86199,22270.04122,23256.38668,24231.13749,25130.62451,25413.01986,25204.78506,24846.71473,24874.34031,25311.2256,25961.85077,26157.04711,
Rwanda,RWA,"GNI per capita, PPP (constant 2017 international $)",NY.GNP.PCAP.PP.KD,,,,,,,,,,,,,,,,,,,,,,,,,,,,,,,933.3480576,934.987823,1047.044331,1027.157864,540.3701488,748.9683628,810.0404814,864.2808189,866.983947,841.3990161,859.7242867,895.0709827,991.7430147,993.6314357,1052.773083,1136.658538,1215.265017,1281.190094,1383.764255,1431.626749,1496.806957,1573.816563,1661.571096,1689.774453,1741.966851,1845.600879,1903.532475,1909.365385,2020.929094,2155.334054,
South Asia,SAS,"GNI per capita, PPP (constant 2017 international $)",NY.GNP.PCAP.PP.KD,,,,,,,,,,,,,,,,,,,,,,,,,,,,,,,1907.3764,1893.552131,1956.791022,2000.044398,2075.346246,2177.127551,2276.933739,2315.352673,2396.029585,2533.494454,2581.458361,2651.167116,2709.00969,2862.719844,3025.324699,3199.131716,3388.828584,3587.843771,3645.264993,3844.649163,4062.460263,4221.0439,4383.701908,4583.729821,4841.383292,5138.215518,5426.582161,5762.343543,6043.802029,6267.750018,
Saudi Arabia,SAU,"GNI per capita, PPP (constant 2017 international $)",NY.GNP.PCAP.PP.KD,,,,,,,,,,,,,,,,,,,,,,,,,,,,,,,,,,,,,,,,,42183.10312,40741.54321,38447.69214,41423.57745,43532.22738,44734.83835,44807.1271,44629.08065,46324.43306,44059.16759,44723.30108,47851.85922,48932.18141,48893.80081,49391.7155,50125.49498,49683.0768,48044.12048,48093.92515,47495.42697,
Sudan,SDN,"GNI per capita, PPP (constant 2017 international $)",NY.GNP.PCAP.PP.KD,,,,,,,,,,,,,,,,,,,,,,,,,,,,,,,1576.172937,1539.568352,1648.900786,1728.478968,1740.577444,1813.046244,1925.357754,2093.454339,2117.649577,2101.512656,2157.821786,2248.684581,2332.942903,2428.149876,2433.325202,2550.509033,2546.749229,2892.302518,2935.496774,3041.688407,2984.719864,3417.847784,3851.171762,3885.792429,4020.209317,4115.807475,4205.627234,4203.827738,3876.490521,3828.660219,
Senegal,SEN,"GNI per capita, PPP (constant 2017 international $)",NY.GNP.PCAP.PP.KD,,,,,,,,,,,,,,,,,,,,,,,,,,,,,,,2239.075087,2227.232323,2210.151239,2154.567852,2095.65147,2154.804908,2171.448083,2182.996262,2266.010602,2340.983742,2356.446954,2412.877181,2363.580685,2470.269713,2555.808746,2633.230841,2635.955569,2694.312354,2735.917913,2697.672189,2721.307908,2668.960937,2726.284748,2724.153331,2816.844933,2903.300765,2987.648627,3114.298647,3230.312654,3309.385734,
Singapore,SGP,"GNI per capita, PPP (constant 2017 international $)",NY.GNP.PCAP.PP.KD,,,,,,,,,,,,,,,,,,,,,,,,,,,,,,,37075.89135,38240.42959,40212.37189,42760.38652,47085.369,49260.74069,50097.35333,53898.1804,50707.9313,52998.13908,55808.87172,53712.28143,54530.99262,57451.25552,59977.21749,63139.33464,68950.06804,72158.13834,69060.89117,66008.53212,77504.91693,78783.044,79513.20002,81298.17897,85083.23608,83498.96373,85472.58852,87735.75629,88099.15263,88155.21431,
Solomon Islands,SLB,"GNI per capita, PPP (constant 2017 international $)",NY.GNP.PCAP.PP.KD,,,,,,,,,,,,,,,,,,,,,,,,,,,,,,,,,,,,,,,,,,,,,,,,,,,,,,,,,,2225.018836,,,
Sierra Leone,SLE,"GNI per capita, PPP (constant 2017 international $)",NY.GNP.PCAP.PP.KD,,,,,,,,,,,,,,,,,,,,,,,,,,,,,,,,,,,,,,,,,,937.9405836,1137.037913,1192.013072,1212.659995,1218.584516,1234.005429,1387.690382,1466.67292,1494.576427,1432.133342,1450.82526,1712.087688,1946.349442,1960.688577,1533.780014,1438.680791,1594.308038,,,
El Salvador,SLV,"GNI per capita, PPP (constant 2017 international $)",NY.GNP.PCAP.PP.KD,,,,,,,,,,,,,,,,,,,,,,,,,,,,,,,5123.998233,5125.751217,5461.954273,5710.053884,5931.5215,6145.752329,6116.647334,6222.847887,6338.035136,6350.650756,6403.596998,6415.150791,6450.129027,6470.587368,6488.896042,6632.439973,6936.899916,7041.206028,7238.912294,6985.048506,7122.67502,7355.478147,7447.164184,7541.39928,7634.948926,7765.171989,7878.832572,7984.426655,8140.599263,8359.115144,
San Marino,SMR,"GNI per capita, PPP (constant 2017 international $)",NY.GNP.PCAP.PP.KD,,,,,,,,,,,,,,,,,,,,,,,,,,,,,,,,,,,,,,,,,,,,,,,,,,,,,,,,,,,,,
Somalia,SOM,"GNI per capita, PPP (constant 2017 international $)",NY.GNP.PCAP.PP.KD,,,,,,,,,,,,,,,,,,,,,,,,,,,,,,,,,,,,,,,,,,,,,,,,,,,,,,,,,,,,,
Serbia,SRB,"GNI per capita, PPP (constant 2017 international $)",NY.GNP.PCAP.PP.KD,,,,,,,,,,,,,,,,,,,,,,,,,,,,,,,,,,,,,,8844.607508,9138.145719,8280.682197,8870.974067,9502.089026,10072.23829,10514.94486,11465.44749,12100.34472,12749.51021,13530.09668,14252.50791,14071.79011,14154.71928,14554.71624,14369.64098,14751.40497,14593.5244,14797.74612,15230.98401,15449.88627,16471.94159,17191.66873,
Sub-Saharan Africa (excluding high income),SSA,"GNI per capita, PPP (constant 2017 international $)",NY.GNP.PCAP.PP.KD,,,,,,,,,,,,,,,,,,,,,,,,,,,,,,,2594.643278,2542.475073,2494.081721,2420.038543,2396.561749,2407.297388,2459.489552,2477.360987,2474.643316,2463.103549,2443.374984,2495.652295,2613.480535,2665.568184,2763.731313,2849.462407,2991.349063,3083.467417,3152.910299,3198.624906,3261.07911,3361.97288,3431.698888,3522.028462,3629.761978,3675.301042,3641.317477,3633.263642,3604.33557,,
South Sudan,SSD,"GNI per capita, PPP (constant 2017 international $)",NY.GNP.PCAP.PP.KD,,,,,,,,,,,,,,,,,,,,,,,,,,,,,,,,,,,,,,,,,,,,,,,,,,,,,,,,,,,,,
Sub-Saharan Africa,SSF,"GNI per capita, PPP (constant 2017 international $)",NY.GNP.PCAP.PP.KD,,,,,,,,,,,,,,,,,,,,,,,,,,,,,,,2606.478313,2555.248768,2508.131125,2435.067042,2411.852458,2422.855314,2475.518783,2494.470377,2492.702022,2481.289261,2463.058728,2515.512178,2632.530098,2685.035739,2783.55274,2868.961579,3011.397223,3104.713355,3174.542899,3220.176691,3282.736685,3383.906301,3455.117053,3546.568665,3654.517004,3700.528258,3666.960266,3659.743063,3631.309626,,
Small states,SST,"GNI per capita, PPP (constant 2017 international $)",NY.GNP.PCAP.PP.KD,,,,,,,,,,,,,,,,,,,,,,,,,,,,,,,,,,,,,,,,,,,,13162.13505,13720.16681,14123.599,15573.01545,16704.16961,17388.06854,17072.63022,17774.48199,18727.37698,19372.61544,19758.06365,20072.2856,20524.77358,20529.06463,20644.49905,,,
Sao Tome and Principe,STP,"GNI per capita, PPP (constant 2017 international $)",NY.GNP.PCAP.PP.KD,,,,,,,,,,,,,,,,,,,,,,,,,,,,,,,,,,,,,,,,,,,,,,,,,,,,,,,,,,3904.163249,,,
Suriname,SUR,"GNI per capita, PPP (constant 2017 international $)",NY.GNP.PCAP.PP.KD,,,,,,,,,,,,,,,,,,,,,,,,,,,,,,,,,,,,,,,,,,,,,,,,,,,,,,,,,,14335.57366,,,
Slovak Republic,SVK,"GNI per capita, PPP (constant 2017 international $)",NY.GNP.PCAP.PP.KD,,,,,,,,,,,,,,,,,,,,,,,,,,,,,,,,,,,,13694.0647,14614.53606,15347.27271,15944.82051,15806.48037,16018.09549,16670.15883,17348.83383,17403.15944,18536.28799,20048.75091,21700.34659,24054.43762,25672.30507,24544.28064,25508.94295,25839.46365,26774.97754,27194.21962,27815.51593,28732.93241,29476.79438,30266.97612,,,
Slovenia,SVN,"GNI per capita, PPP (constant 2017 international $)",NY.GNP.PCAP.PP.KD,,,,,,,,,,,,,,,,,,,,,,,,,,,,,,,,,,,,,,,,,,,,,29745.52617,30971.72845,32544.01249,34248.58818,35285.51929,32637.54995,33057.60498,33266.23104,32259.17776,31951.68311,32939.29642,32903.77275,34092.90968,35987.70905,37423.29976,,
Sweden,SWE,"GNI per capita, PPP (constant 2017 international $)",NY.GNP.PCAP.PP.KD,,,,,,,,,,,,,,,,,,,,,,,,,,,,,,,33933.98523,33006.62932,31875.66452,30803.91814,32471.61997,33619.40519,34159.40352,35221.09355,37082.24394,39334.09994,41236.22627,41728.34136,42596.2194,44027.30868,45247.87941,46719.45803,49214.37306,50735.64354,50334.69577,47236.14536,49800.44454,50666.29459,50115.58138,50260.70749,51019.89758,52074.68363,52374.31737,53591.2793,54019.5953,54507.80504,
Eswatini,SWZ,"GNI per capita, PPP (constant 2017 international $)",NY.GNP.PCAP.PP.KD,,,,,,,,,,,,,,,,,,,,,,,,,,,,,,,5422.08729,5410.43902,5468.965618,5356.039919,5116.448183,5573.5171,5846.694702,5917.00593,5722.941015,5907.63492,5754.54115,6050.522444,5883.669305,5948.909724,6279.878836,7044.746797,7015.013549,7339.109777,7242.303266,7158.505845,7152.226296,7608.241566,7975.899035,8347.911218,8301.743259,8489.737034,7955.205627,7995.474754,7844.293427,,
Sint Maarten (Dutch part),SXM,"GNI per capita, PPP (constant 2017 international $)",NY.GNP.PCAP.PP.KD,,,,,,,,,,,,,,,,,,,,,,,,,,,,,,,,,,,,,,,,,,,,,,,,,,,,39103.4065,38468.61094,37249.39619,36034.56808,34837.60188,34473.09416,31339.6754,,,
Seychelles,SYC,"GNI per capita, PPP (constant 2017 international $)",NY.GNP.PCAP.PP.KD,,,,,,,,,,,,,,,,,,,,,,,,,,,,,,,14269.13563,14588.37577,15647.17748,16228.64759,15931.49526,15034.23697,15700.51276,17527.6758,18339.14038,18223.6589,18239.51146,18242.68448,16550.64464,16347.3678,,,20054.75488,,,,,,22278.30516,23187.35539,23470.88494,24103.39867,24532.76217,25224.47075,,,
Syrian Arab Republic,SYR,"GNI per capita, PPP (constant 2017 international $)",NY.GNP.PCAP.PP.KD,,,,,,,,,,,,,,,,,,,,,,,,,,,,,,,,,,,,,,,,,,,,,,,,,,,,,,,,,,,,,
Turks and Caicos Islands,TCA,"GNI per capita, PPP (constant 2017 international $)",NY.GNP.PCAP.PP.KD,,,,,,,,,,,,,,,,,,,,,,,,,,,,,,,,,,,,,,,,,,,,,,,,,,,,,,,,,,25041.56155,,,
Chad,TCD,"GNI per capita, PPP (constant 2017 international $)",NY.GNP.PCAP.PP.KD,,,,,,,,,,,,,,,,,,,,,,,,,,,,,,,988.5072706,1051.396902,1103.939224,867.9264907,951.4400509,935.1223911,920.9765487,935.5020454,978.0321744,936.434174,882.450309,947.7181406,968.8613967,880.743702,,1366.251812,,1347.139697,1302.558309,1505.733922,1669.431199,1628.403474,1716.422403,1713.529698,1778.179348,1803.784848,1656.382878,1566.25982,1553.129084,1555.373575,
East Asia & Pacific (IDA & IBRD countries),TEA,"GNI per capita, PPP (constant 2017 international $)",NY.GNP.PCAP.PP.KD,,,,,,,,,,,,,,,,,,,,,,,,,,,,,,,,,,,,2843.94759,3062.92266,3248.810277,3354.02222,3551.054238,3794.617938,4013.793719,4312.889534,4677.252909,5081.369742,5509.731769,6103.554956,6839.858952,7383.410873,7831.12493,8549.444539,9157.049385,9797.270788,10361.65267,11051.48826,11644.715,12302.18058,13032.63495,13744.69722,,
Europe & Central Asia (IDA & IBRD countries),TEC,"GNI per capita, PPP (constant 2017 international $)",NY.GNP.PCAP.PP.KD,,,,,,,,,,,,,,,,,,,,,,,,,,,,,,,15605.49729,14785.34346,13082.16658,12207.02609,10843.16762,10587.48349,10556.4015,10765.48178,10538.87235,10774.66512,11628.60091,12053.4542,12659.70573,13370.22192,14452.82841,15341.79467,16409.02418,17624.02949,18282.1753,17157.44322,17829.0967,18688.20899,19222.97077,19732.26899,20025.09291,20160.63015,20352.6042,21066.9468,21634.11631,21938.59837,
Togo,TGO,"GNI per capita, PPP (constant 2017 international $)",NY.GNP.PCAP.PP.KD,,,,,,,,,,,,,,,,,,,,,,,,,,,,,,,1316.282729,1278.390122,1205.511902,1000.471656,1088.18932,1166.217504,1252.486589,1390.788574,1318.453688,1295.657295,1253.295465,1228.993038,1252.637478,1305.343025,1254.572366,1166.604462,1166.304916,1127.104902,1149.479495,1179.290813,1216.425063,1344.546284,1318.38337,1368.673873,1418.423112,1497.434398,1504.643692,1518.097443,1558.491184,1602.34934,
Thailand,THA,"GNI per capita, PPP (constant 2017 international $)",NY.GNP.PCAP.PP.KD,,,,,,,,,,,,,,,,,,,,,,,,,,,,,,,7017.606656,7510.505091,7968.285916,8596.368038,9188.159054,9817.139893,10190.49019,9749.458206,8815.426668,9205.010911,9628.542045,9790.012176,10226.89761,10815.52835,11385.63456,11771.30561,12378.84412,13020.68741,13149.57264,13007.03775,13816.62143,14127.15464,14752.99247,14798.3668,15079.24003,15468.76246,16017.47543,16640.06363,17202.17361,17781.19093,
Tajikistan,TJK,"GNI per capita, PPP (constant 2017 international $)",NY.GNP.PCAP.PP.KD,,,,,,,,,,,,,,,,,,,,,,,,,,,,,,,,,,,,,,,,,,,,,,,,,,,,,,,,,,3614.103314,,,
Turkmenistan,TKM,"GNI per capita, PPP (constant 2017 international $)",NY.GNP.PCAP.PP.KD,,,,,,,,,,,,,,,,,,,,,,,,,,,,,,,,,,,,,,,,,,,,,,,,,,,,,,,,,,13615.49103,,,
Latin America & the Caribbean (IDA & IBRD countries),TLA,"GNI per capita, PPP (constant 2017 international $)",NY.GNP.PCAP.PP.KD,,,,,,,,,,,,,,,,,,,,,,,,,,,,,,,10402.12488,10639.67517,10791.53015,11071.78212,11405.63759,11322.02223,11562.04901,11993.39176,12077.59435,11908.39494,12241.49195,12096.94928,11956.23395,12074.44998,12459.20157,12778.23322,13406.80099,13988.28482,14379.82018,13908.26816,14607.09074,15137.58559,15382.26875,15708.74327,15801.14987,15791.7581,15630.81382,15776.54776,15788.14094,15740.84091,
Timor-Leste,TLS,"GNI per capita, PPP (constant 2017 international $)",NY.GNP.PCAP.PP.KD,,,,,,,,,,,,,,,,,,,,,,,,,,,,,,,,,,,,,,,,,3076.802427,3395.709237,3704.675346,3042.589028,3296.450301,3903.261248,5421.154765,7202.140978,10465.38366,8148.198716,9697.377184,11612.53619,10209.30341,8862.718152,7134.107571,5752.703762,4528.736789,4488.953818,4379.014782,,
Middle East & North Africa (IDA & IBRD countries),TMN,"GNI per capita, PPP (constant 2017 international $)",NY.GNP.PCAP.PP.KD,,,,,,,,,,,,,,,,,,,,,,,,,,,,,,,7146.724009,7439.561692,7531.870646,7470.309083,7383.461458,7469.698522,7671.578643,7712.330092,7926.441453,7952.762266,8226.215651,8338.673057,8584.476262,8924.084996,9188.576746,9362.33807,9735.474145,10308.9621,10506.75171,10567.94012,10842.2657,10919.71657,10549.58969,10539.43939,10697.94435,10744.1019,11345.31553,11502.76292,,,
Tonga,TON,"GNI per capita, PPP (constant 2017 international $)",NY.GNP.PCAP.PP.KD,,,,,,,,,,,,,,,,,,,,,,,,,,,,,,,,,,,,,,,,,,,,,,,,,,,,,,,,,,6421.161772,,,
South Asia (IDA & IBRD),TSA,"GNI per capita, PPP (constant 2017 international $)",NY.GNP.PCAP.PP.KD,,,,,,,,,,,,,,,,,,,,,,,,,,,,,,,1907.3764,1893.552131,1956.791022,2000.044398,2075.346246,2177.127551,2276.933739,2315.352673,2396.029585,2533.494454,2581.458361,2651.167116,2709.00969,2862.719844,3025.324699,3199.131716,3388.828584,3587.843771,3645.264993,3844.649163,4062.460263,4221.0439,4383.701908,4583.729821,4841.383292,5138.215518,5426.582161,5762.343543,6043.802029,6267.750018,
Sub-Saharan Africa (IDA & IBRD countries),TSS,"GNI per capita, PPP (constant 2017 international $)",NY.GNP.PCAP.PP.KD,,,,,,,,,,,,,,,,,,,,,,,,,,,,,,,2606.478313,2555.248768,2508.131125,2435.067042,2411.852458,2422.855314,2475.518783,2494.470377,2492.702022,2481.289261,2463.058728,2515.512178,2632.530098,2685.035739,2783.55274,2868.961579,3011.397223,3104.713355,3174.542899,3220.176691,3282.736685,3383.906301,3455.117053,3546.568665,3654.517004,3700.528258,3666.960266,3659.743063,3631.309626,,
Trinidad and Tobago,TTO,"GNI per capita, PPP (constant 2017 international $)",NY.GNP.PCAP.PP.KD,,,,,,,,,,,,,,,,,,,,,,,,,,,,,,,,,,,,,,,,,,,,,,,,,,,,,,,,,,26502.92555,,,
Tunisia,TUN,"GNI per capita, PPP (constant 2017 international $)",NY.GNP.PCAP.PP.KD,,,,,,,,,,,,,,,,,,,,,,,,,,,,,,,,,,,,,,,,,,,,,,,,,,,,,,,,,,10268.51403,,,
Turkey,TUR,"GNI per capita, PPP (constant 2017 international $)",NY.GNP.PCAP.PP.KD,,,,,,,,,,,,,,,,,,,,,,,,,,,,,,,12513.92286,12386.18161,12812.38577,13585.78509,12630.25607,13489.85687,14287.35839,15134.29472,15308.81914,14517.31602,15239.12213,13968.60687,14738.25748,15361.29187,16677.32935,17998.5484,19039.13844,19789.35072,19708.30163,18506.11112,19867.21271,21738.16669,22436.12378,23895.13707,24712.78092,25718.75635,26121.85428,27570.78397,27864.12996,27700.89481,
Tuvalu,TUV,"GNI per capita, PPP (constant 2017 international $)",NY.GNP.PCAP.PP.KD,,,,,,,,,,,,,,,,,,,,,,,,,,,,,,,,,,,,,,,,,,,,,,,,,,,,,,,,,,5583.162061,,,
Tanzania,TZA,"GNI per capita, PPP (constant 2017 international $)",NY.GNP.PCAP.PP.KD,,,,,,,,,,,,,,,,,,,,,,,,,,,,,,,1343.355186,1332.109579,1292.795405,1268.447727,1252.185953,1267.98083,1305.85978,1313.230395,1338.682932,1371.267977,1396.408197,1423.040237,1508.033907,1555.386529,1624.165406,1687.238385,1779.566488,1825.824572,1879.383305,1924.128372,1971.980088,2060.736822,2099.08425,2172.767106,2248.115645,2310.043106,2387.020766,2472.824787,,,
Uganda,UGA,"GNI per capita, PPP (constant 2017 international $)",NY.GNP.PCAP.PP.KD,,,,,,,,,,,,,,,,,,,,,,,,,,,,,,,890.417804,909.4432132,898.4440458,955.6680322,984.7525591,1070.0249,1136.208049,1165.874915,1190.004327,1247.457692,1230.262516,1238.565335,1317.765162,1360.454356,1398.703192,1437.606272,1550.070376,1637.136789,1726.571291,1796.333205,1836.971772,1949.251496,1949.232541,1952.395955,1982.217912,2021.699502,2036.515745,2026.038389,2061.757317,2123.26935,
Ukraine,UKR,"GNI per capita, PPP (constant 2017 international $)",NY.GNP.PCAP.PP.KD,,,,,,,,,,,,,,,,,,,,,,,,,,,,,,,,14706.96981,12938.8279,10861.91294,8531.914178,7537.829511,6840.583251,6694.196768,6579.049225,6581.554251,7025.497265,7842.029116,8355.94079,9247.913697,10460.21434,10840.03553,11673.85124,12761.68817,13073.68241,11077.54066,11607.51682,12179.54826,12309.80824,12335.7696,12255.98978,11272.85648,11706.94406,12144.0137,12657.28838,13215.9357,
Upper middle income,UMC,"GNI per capita, PPP (constant 2017 international $)",NY.GNP.PCAP.PP.KD,,,,,,,,,,,,,,,,,,,,,,,,,,,,,,,,,,,,6021.4103,6208.526636,6446.043284,6473.086962,6606.269571,6990.172505,7156.435692,7440.82003,7840.052631,8364.038974,8874.532839,9591.632588,10419.96124,10945.53101,11014.68542,11768.76119,12438.04754,12992.38309,13521.88504,14089.39862,14505.73023,14980.31749,15620.30483,16185.10926,,
Uruguay,URY,"GNI per capita, PPP (constant 2017 international $)",NY.GNP.PCAP.PP.KD,,,,,,,,,,,,,,,,,,,,,,,,,,,,,,,9819.908986,10226.31364,11016.33543,11243.71052,11942.72763,11718.54936,12309.21387,13359.78574,13869.76459,13622.56783,13298.93663,12760.75405,11880.77349,11417.52183,11966.67277,13064.98807,13678.30024,14545.65472,15422.76198,15977.11138,17079.01602,17969.08401,17772.51956,18924.33239,19261.87848,19679.21994,19844.00606,20055.80162,20091.34602,,
United States,USA,"GNI per capita, PPP (constant 2017 international $)",NY.GNP.PCAP.PP.KD,,,,,,,,,,,,,,,,,,,,,,,,,,,,,,,40941.56619,40327.88673,41158.38849,41728.24865,42821.14097,43471.79334,44597.19219,45972.87026,47439.35358,49162.3209,50662.83329,50725.32269,51108.74957,52170.21309,53721.99705,55075.01375,55975.07856,56702.22392,56249.93497,54314.64859,55421.19726,55991.68856,56789.66168,57408.94894,58392.76148,59559.44927,60023.9432,61018.95198,62512.69455,,
Uzbekistan,UZB,"GNI per capita, PPP (constant 2017 international $)",NY.GNP.PCAP.PP.KD,,,,,,,,,,,,,,,,,,,,,,,,,,,,,,,,,,,,,,,,,,,,,,,,,,,,,,,,,,6652.231019,,,
St. Vincent and the Grenadines,VCT,"GNI per capita, PPP (constant 2017 international $)",NY.GNP.PCAP.PP.KD,,,,,,,,,,,,,,,,,,,,,,,,,,,,,,,,,,,,,,,,,,,,,,,,,,,,,,,,,,12158.00624,,,
"Venezuela, RB",VEN,"GNI per capita, PPP (constant 2017 international $)",NY.GNP.PCAP.PP.KD,,,,,,,,,,,,,,,,,,,,,,,,,,,,,,,,,,,,,,,,,,,,,,,,,,,,,,,,,,,,,
British Virgin Islands,VGB,"GNI per capita, PPP (constant 2017 international $)",NY.GNP.PCAP.PP.KD,,,,,,,,,,,,,,,,,,,,,,,,,,,,,,,,,,,,,,,,,,,,,,,,,,,,,,,,,,,,,
Virgin Islands (U.S.),VIR,"GNI per capita, PPP (constant 2017 international $)",NY.GNP.PCAP.PP.KD,,,,,,,,,,,,,,,,,,,,,,,,,,,,,,,,,,,,,,,,,,,,,,,,,,,,,,,,,,,,,
Vietnam,VNM,"GNI per capita, PPP (constant 2017 international $)",NY.GNP.PCAP.PP.KD,,,,,,,,,,,,,,,,,,,,,,,,,,,,,,,,,,,2054.588346,2242.262224,2404.116331,2558.023666,2670.786077,2778.148271,3143.939286,3308.660807,3483.442107,3679.915044,3941.428113,3884.625863,4103.886559,4328.318792,4520.047473,4274.03342,4920.907567,5146.767686,5369.673595,5586.580882,5828.381544,6130.123767,6504.339905,6616.512089,7050.807366,7432.706806,
Vanuatu,VUT,"GNI per capita, PPP (constant 2017 international $)",NY.GNP.PCAP.PP.KD,,,,,,,,,,,,,,,,,,,,,,,,,,,,,,,,,,,,,,,,,,,,,,,,,,,,,,,,,,3082.563829,,,
World,WLD,"GNI per capita, PPP (constant 2017 international $)",NY.GNP.PCAP.PP.KD,,,,,,,,,,,,,,,,,,,,,,,,,,,,,,,9843.502751,9810.929551,9760.085485,9718.563829,9778.865391,9894.175664,10105.62594,10347.09181,10473.46572,10713.407,11077.31275,11190.60613,11343.04792,11630.78817,12066.72225,12439.96663,12934.38739,13449.55856,13615.19664,13334.18345,13832.01068,14224.28744,14494.8232,14784.64094,15145.75011,15470.045,15773.88081,16204.96182,16581.65754,,
Samoa,WSM,"GNI per capita, PPP (constant 2017 international $)",NY.GNP.PCAP.PP.KD,,,,,,,,,,,,,,,,,,,,,,,,,,,,,,,,,,,,,,,,,,,,,,,,,,,,,,,,,,6287.698672,,,
Kosovo,XKX,"GNI per capita, PPP (constant 2017 international $)",NY.GNP.PCAP.PP.KD,,,,,,,,,,,,,,,,,,,,,,,,,,,,,,,,,,,,,,,,,,,,,,,7428.096477,7925.760127,8261.144715,8269.884187,8480.526013,8845.839227,9082.931374,9273.242232,9396.43159,9870.395751,10293.0504,10744.56162,11072.41993,11605.39232,
"Yemen, Rep.",YEM,"GNI per capita, PPP (constant 2017 international $)",NY.GNP.PCAP.PP.KD,,,,,,,,,,,,,,,,,,,,,,,,,,,,,,,,,,,,,,,,,,,,,,,,,,,,,,,,,,,,,
South Africa,ZAF,"GNI per capita, PPP (constant 2017 international $)",NY.GNP.PCAP.PP.KD,,,,,,,,,,,,,,,,,,,,,,,,,,,,,,,9974.994259,9725.792369,9312.598139,9212.297256,9312.299384,9387.380565,9582.03703,9660.655937,9537.183453,9617.402934,9881.363976,9941.190286,10238.53422,10388.18516,10807.16662,11233.34447,11711.35349,12010.28969,12251.73321,11999.96497,12195.41944,12346.45326,12403.79739,12523.41022,12549.48045,12528.09389,12356.60273,12322.437,12231.84033,12129.23006,
Zambia,ZMB,"GNI per capita, PPP (constant 2017 international $)",NY.GNP.PCAP.PP.KD,,,,,,,,,,,,,,,,,,,,,,,,,,,,,,,,,,,,,,,,,,,,,,,,,,,,,,,,,,3330.784656,,,
Zimbabwe,ZWE,"GNI per capita, PPP (constant 2017 international $)",NY.GNP.PCAP.PP.KD,,,,,,,,,,,,,,,,,,,,,,,,,,,,,,,,,,,,,,,,,,,,,,,,,,1670.364272,2016.347804,2221.669952,2576.403988,2673.651274,2697.398925,2657.71361,2681.445552,2758.778084,2942.029531,,
